日付,支払い者,客数,売り上げ
2023/06/01,Sさん,2,11562
2023/06/01,Lさん,3,19512
2023/06/01,Cさん,4,27668
2023/06/01,Cさん,1,6895
2023/06/02,Sさん,1,14346
2023/06/02,Nさん,4,45960
2023/06/02,Cさん,1,16294
2023/06/02,Rさん,4,40698
2023/06/02,Dさん,4,25544
2023/06/03,Uさん,1,16306
2023/06/03,Gさん,1,12410
2023/06/03,Xさん,3,27910
2023/06/03,Hさん,2,24031
2023/06/03,Zさん,2,30388
2023/06/04,Vさん,2,12112
2023/06/04,Aさん,2,26679
2023/06/04,Vさん,4,50207
2023/06/04,Mさん,3,42234
2023/06/05,Qさん,3,30647
2023/06/05,Dさん,4,26104
2023/06/05,Uさん,2,13994
2023/06/05,Zさん,2,11049
2023/06/05,Zさん,1,12261
2023/06/06,Wさん,3,32029
2023/06/06,Qさん,4,28074
2023/06/06,Rさん,3,29435
2023/06/06,Vさん,1,10827
2023/06/06,Pさん,3,40456
2023/06/07,Wさん,2,23282
2023/06/07,Gさん,2,11156
2023/06/07,Xさん,3,21901
2023/06/07,Bさん,1,10611
2023/06/08,Aさん,3,42270
2023/06/08,Rさん,4,52207
2023/06/08,Hさん,4,43339
2023/06/08,Rさん,2,26984
2023/06/08,Yさん,3,32130
2023/06/09,Wさん,1,7236
2023/06/09,Aさん,2,28194
2023/06/09,Dさん,4,43319
2023/06/09,Lさん,2,25411
2023/06/10,Hさん,4,21151
2023/06/10,Wさん,3,39354
2023/06/10,Sさん,2,18377
2023/06/11,Dさん,4,54639
2023/06/11,Xさん,1,6958
2023/06/11,Uさん,3,25538
2023/06/11,Pさん,4,25488
2023/06/11,Xさん,2,18820
2023/06/12,Uさん,2,23462
2023/06/12,Yさん,1,9490
2023/06/12,Qさん,3,19467
2023/06/12,Gさん,1,9027
2023/06/13,Vさん,1,15158
2023/06/13,Qさん,2,20302
2023/06/13,Sさん,3,43844
2023/06/14,Lさん,1,7074
2023/06/14,Fさん,3,32810
2023/06/14,Cさん,4,27105
2023/06/14,Jさん,4,56576
2023/06/15,Sさん,1,3638
2023/06/15,Dさん,1,9779
2023/06/15,Dさん,1,5616
2023/06/15,Gさん,1,6774
2023/06/15,Eさん,1,10448
2023/06/16,Kさん,1,9240
2023/06/16,Oさん,2,17716
2023/06/16,Bさん,3,21137
2023/06/16,Nさん,2,13770
2023/06/16,Wさん,1,13526
2023/06/17,Fさん,4,46851
2023/06/17,Xさん,4,46491
2023/06/17,Zさん,1,10744
2023/06/17,Wさん,3,19459
2023/06/17,Gさん,4,22599
2023/06/18,Xさん,2,21817
2023/06/18,Oさん,2,20499
2023/06/18,Gさん,2,21740
2023/06/18,Yさん,4,46702
2023/06/18,Iさん,4,56525
2023/06/19,Xさん,2,16306
2023/06/19,Yさん,1,7097
2023/06/19,Qさん,1,5236
2023/06/19,Eさん,4,32820
2023/06/19,Yさん,2,13535
2023/06/20,Zさん,1,12258
2023/06/20,Nさん,4,54657
2023/06/20,Wさん,1,5991
2023/06/20,Jさん,2,27598
2023/06/20,Zさん,3,23710
2023/06/21,Rさん,2,23981
2023/06/21,Lさん,1,11319
2023/06/21,Hさん,2,21510
2023/06/22,Dさん,1,9326
2023/06/22,Lさん,4,44342
2023/06/22,Zさん,2,14599
2023/06/22,Pさん,1,14501
2023/06/22,Zさん,2,19721
2023/06/23,Wさん,2,13100
2023/06/23,Oさん,4,50747
2023/06/23,Hさん,4,49223
2023/06/24,Gさん,1,11476
2023/06/24,Cさん,2,9737
2023/06/24,Vさん,3,19537
2023/06/25,Hさん,1,13481
2023/06/25,Eさん,1,9964
2023/06/25,Hさん,3,31761
2023/06/26,Mさん,4,38988
2023/06/26,Oさん,2,25929
2023/06/26,Zさん,3,26073
2023/06/26,Wさん,1,5721
2023/06/27,Sさん,2,12510
2023/06/27,Bさん,1,6588
2023/06/27,Pさん,3,41295
2023/06/28,Xさん,4,24146
2023/06/28,Cさん,4,20091
2023/06/28,Fさん,4,46140
2023/06/28,Eさん,4,30141
2023/06/29,Qさん,4,30368
2023/06/29,Jさん,1,11156
2023/06/29,Oさん,2,23294
2023/06/29,Uさん,1,6379
2023/06/29,Qさん,4,29323
2023/06/30,Gさん,3,20255
2023/06/30,Nさん,2,19229
2023/06/30,Kさん,2,15276
2023/07/01,Xさん,3,43154
2023/07/01,Uさん,4,38988
2023/07/01,Wさん,1,9684
2023/07/01,Aさん,1,4189
2023/07/01,Jさん,2,16886
2023/07/02,Dさん,1,5255
2023/07/02,Dさん,2,23838
2023/07/02,Bさん,3,20652
2023/07/02,Tさん,1,13760
2023/07/03,Jさん,3,20472
2023/07/03,Hさん,4,25610
2023/07/03,Zさん,1,7303
2023/07/03,Zさん,2,23255
2023/07/04,Lさん,2,27220
2023/07/04,Rさん,2,13102
2023/07/04,Nさん,3,22550
2023/07/04,Tさん,4,60161
2023/07/04,Pさん,1,12862
2023/07/05,Sさん,3,15596
2023/07/05,Vさん,1,6711
2023/07/05,Iさん,1,10266
2023/07/05,Lさん,1,12557
2023/07/05,Oさん,4,34933
2023/07/06,Kさん,3,21075
2023/07/06,Hさん,2,22759
2023/07/06,Fさん,2,11840
2023/07/06,Pさん,4,52237
2023/07/07,Gさん,2,24706
2023/07/07,Yさん,3,18619
2023/07/07,Bさん,3,37802
2023/07/07,Jさん,4,21935
2023/07/07,Oさん,3,43888
2023/07/08,Sさん,4,25231
2023/07/08,Nさん,2,16040
2023/07/08,Nさん,4,50271
2023/07/08,Iさん,3,17749
2023/07/08,Qさん,1,7921
2023/07/09,Qさん,1,10234
2023/07/09,Jさん,3,37381
2023/07/09,Zさん,3,20051
2023/07/09,Vさん,2,24141
2023/07/10,Sさん,2,20407
2023/07/10,Vさん,3,18743
2023/07/10,Yさん,3,24906
2023/07/11,Eさん,3,37117
2023/07/11,Iさん,1,6064
2023/07/11,Iさん,3,32182
2023/07/12,Aさん,2,14596
2023/07/12,Hさん,2,14087
2023/07/12,Dさん,1,6402
2023/07/13,Pさん,2,23090
2023/07/13,Oさん,4,30390
2023/07/13,Vさん,2,29455
2023/07/14,Yさん,2,13847
2023/07/14,Cさん,3,32957
2023/07/14,Eさん,1,4987
2023/07/15,Qさん,1,13660
2023/07/15,Kさん,2,28754
2023/07/15,Dさん,2,10006
2023/07/16,Yさん,2,24593
2023/07/16,Iさん,3,42013
2023/07/16,Oさん,3,25819
2023/07/16,Fさん,1,12854
2023/07/17,Bさん,4,47695
2023/07/17,Eさん,4,45298
2023/07/17,Pさん,1,9775
2023/07/17,Xさん,2,15325
2023/07/18,Tさん,3,29983
2023/07/18,Jさん,3,44090
2023/07/18,Qさん,2,15917
2023/07/19,Hさん,3,17913
2023/07/19,Cさん,4,46124
2023/07/19,Rさん,4,28623
2023/07/19,Vさん,4,40928
2023/07/19,Pさん,2,12191
2023/07/20,Pさん,2,16848
2023/07/20,Uさん,2,28684
2023/07/20,Tさん,2,19642
2023/07/21,Iさん,2,19734
2023/07/21,Fさん,1,11450
2023/07/21,Iさん,1,10185
2023/07/22,Eさん,4,40046
2023/07/22,Bさん,1,11933
2023/07/22,Jさん,1,12950
2023/07/22,Wさん,4,41610
2023/07/22,Lさん,2,27215
2023/07/23,Gさん,1,5584
2023/07/23,Rさん,3,26357
2023/07/23,Pさん,1,11794
2023/07/23,Nさん,4,37979
2023/07/23,Tさん,1,11561
2023/07/24,Jさん,2,16592
2023/07/24,Zさん,3,30827
2023/07/24,Eさん,4,27713
2023/07/24,Pさん,1,5498
2023/07/24,Oさん,4,29279
2023/07/25,Oさん,2,24127
2023/07/25,Sさん,2,14958
2023/07/25,Sさん,4,52213
2023/07/26,Iさん,2,21093
2023/07/26,Cさん,1,12208
2023/07/26,Kさん,4,41114
2023/07/27,Oさん,2,20848
2023/07/27,Hさん,2,27282
2023/07/27,Yさん,2,19985
2023/07/27,Zさん,2,21938
2023/07/27,Aさん,2,18610
2023/07/28,Fさん,3,23894
2023/07/28,Lさん,2,11443
2023/07/28,Tさん,2,23338
2023/07/28,Aさん,1,13178
2023/07/28,Nさん,3,33271
2023/07/29,Fさん,3,22530
2023/07/29,Mさん,3,16255
2023/07/29,Vさん,3,17529
2023/07/29,Aさん,4,21539
2023/07/30,Vさん,3,18402
2023/07/30,Qさん,3,29097
2023/07/30,Hさん,4,49554
2023/07/30,Eさん,1,9562
2023/07/31,Lさん,3,24733
2023/07/31,Nさん,3,27543
2023/07/31,Gさん,3,21226
2023/07/31,Sさん,3,28229
2023/07/31,Tさん,2,20564
2023/08/01,Aさん,2,27069
2023/08/01,Hさん,4,38571
2023/08/01,Xさん,3,14202
2023/08/02,Wさん,4,34967
2023/08/02,Fさん,2,16554
2023/08/02,Yさん,1,10251
2023/08/02,Gさん,3,17650
2023/08/03,Yさん,2,14714
2023/08/03,Aさん,4,33882
2023/08/03,Eさん,1,7441
2023/08/03,Yさん,4,52405
2023/08/04,Kさん,2,12490
2023/08/04,Eさん,2,19049
2023/08/04,Cさん,4,31120
2023/08/04,Vさん,1,12683
2023/08/05,Kさん,4,52206
2023/08/05,Mさん,3,19480
2023/08/05,Dさん,2,13820
2023/08/05,Hさん,4,57537
2023/08/06,Lさん,3,22697
2023/08/06,Yさん,4,25153
2023/08/06,Hさん,4,23200
2023/08/06,Zさん,4,47743
2023/08/07,Sさん,3,27491
2023/08/07,Yさん,1,9743
2023/08/07,Nさん,1,11093
2023/08/08,Bさん,2,12806
2023/08/08,Fさん,4,40664
2023/08/08,Aさん,1,4319
2023/08/08,Zさん,2,15875
2023/08/09,Rさん,4,19746
2023/08/09,Nさん,3,38417
2023/08/09,Jさん,2,27353
2023/08/09,Sさん,2,25920
2023/08/09,Aさん,4,46263
2023/08/10,Pさん,1,12045
2023/08/10,Sさん,2,16583
2023/08/10,Mさん,4,45310
2023/08/10,Gさん,3,40642
2023/08/10,Pさん,1,13750
2023/08/11,Dさん,2,24381
2023/08/11,Wさん,1,13423
2023/08/11,Fさん,2,19592
2023/08/12,Xさん,2,28101
2023/08/12,Lさん,4,23895
2023/08/12,Zさん,3,39862
2023/08/12,Rさん,2,26975
2023/08/12,Qさん,2,16715
2023/08/13,Wさん,3,23649
2023/08/13,Pさん,3,24105
2023/08/13,Gさん,1,12906
2023/08/14,Dさん,4,49690
2023/08/14,Pさん,4,23454
2023/08/14,Jさん,2,29007
2023/08/15,Hさん,3,24018
2023/08/15,Qさん,3,40022
2023/08/15,Dさん,4,34198
2023/08/15,Tさん,4,48790
2023/08/16,Hさん,3,29627
2023/08/16,Tさん,3,15225
2023/08/16,Uさん,3,45261
2023/08/17,Uさん,3,20055
2023/08/17,Cさん,3,18967
2023/08/17,Vさん,3,34062
2023/08/18,Bさん,3,31841
2023/08/18,Kさん,4,47992
2023/08/18,Yさん,4,31636
2023/08/18,Zさん,1,12017
2023/08/18,Lさん,4,56879
2023/08/19,Zさん,3,24228
2023/08/19,Xさん,2,20280
2023/08/19,Fさん,1,14972
2023/08/19,Hさん,4,54601
2023/08/20,Hさん,1,6740
2023/08/20,Qさん,1,6357
2023/08/20,Mさん,2,28138
2023/08/20,Aさん,4,58007
2023/08/20,Qさん,4,38517
2023/08/21,Nさん,1,13179
2023/08/21,Zさん,2,24557
2023/08/21,Qさん,2,25587
2023/08/22,Zさん,2,18061
2023/08/22,Eさん,3,42150
2023/08/22,Tさん,4,48618
2023/08/22,Kさん,3,19113
2023/08/23,Gさん,2,21213
2023/08/23,Pさん,4,18900
2023/08/23,Dさん,3,17521
2023/08/23,Jさん,1,11326
2023/08/23,Eさん,2,25985
2023/08/24,Mさん,4,61584
2023/08/24,Sさん,1,15255
2023/08/24,Fさん,1,15140
2023/08/24,Vさん,1,10243
2023/08/24,Gさん,2,21411
2023/08/25,Sさん,1,6154
2023/08/25,Tさん,4,56538
2023/08/25,Sさん,3,37992
2023/08/25,Fさん,2,14256
2023/08/25,Lさん,2,13939
2023/08/26,Bさん,2,28467
2023/08/26,Oさん,3,44812
2023/08/26,Cさん,1,13919
2023/08/27,Jさん,4,26681
2023/08/27,Lさん,2,31257
2023/08/27,Nさん,4,21186
2023/08/27,Fさん,3,16476
2023/08/27,Zさん,1,10893
2023/08/28,Dさん,4,38626
2023/08/28,Eさん,2,22514
2023/08/28,Hさん,3,23403
2023/08/28,Qさん,1,7396
2023/08/28,Qさん,2,22449
2023/08/29,Cさん,4,33550
2023/08/29,Zさん,1,5861
2023/08/29,Gさん,2,28323
2023/08/29,Kさん,2,29773
2023/08/29,Jさん,3,32717
2023/08/30,Fさん,1,12630
2023/08/30,Zさん,3,44313
2023/08/30,Vさん,4,29969
2023/08/31,Cさん,4,48747
2023/08/31,Iさん,4,38087
2023/08/31,Sさん,1,12489
2023/08/31,Vさん,3,33387
2023/08/31,Tさん,2,25904
2023/09/01,Eさん,4,31460
2023/09/01,Iさん,3,17209
2023/09/01,Qさん,4,44234
2023/09/01,Zさん,4,56629
2023/09/02,Bさん,2,13461
2023/09/02,Iさん,1,9181
2023/09/02,Gさん,4,22602
2023/09/03,Qさん,1,8782
2023/09/03,Qさん,2,28285
2023/09/03,Aさん,2,17252
2023/09/03,Xさん,4,51574
2023/09/04,Eさん,1,6976
2023/09/04,Sさん,1,8327
2023/09/04,Pさん,4,37223
2023/09/05,Bさん,1,12384
2023/09/05,Pさん,1,11822
2023/09/05,Oさん,4,22972
2023/09/06,Vさん,1,16029
2023/09/06,Zさん,4,32585
2023/09/06,Kさん,2,16448
2023/09/06,Uさん,1,5215
2023/09/07,Pさん,1,6853
2023/09/07,Xさん,2,27182
2023/09/07,Jさん,4,32775
2023/09/08,Bさん,3,29098
2023/09/08,Dさん,4,38751
2023/09/08,Oさん,2,20539
2023/09/08,Gさん,1,8714
2023/09/09,Kさん,1,5074
2023/09/09,Pさん,2,16939
2023/09/09,Dさん,1,7104
2023/09/09,Pさん,4,55546
2023/09/09,Fさん,4,26702
2023/09/10,Fさん,1,9923
2023/09/10,Kさん,1,12699
2023/09/10,Sさん,1,4600
2023/09/10,Bさん,4,49820
2023/09/11,Aさん,2,23654
2023/09/11,Xさん,3,35683
2023/09/11,Iさん,4,31534
2023/09/12,Vさん,4,35311
2023/09/12,Jさん,1,6320
2023/09/12,Zさん,4,36671
2023/09/12,Pさん,4,26643
2023/09/12,Wさん,3,20514
2023/09/13,Bさん,3,16698
2023/09/13,Mさん,3,41285
2023/09/13,Sさん,1,13491
2023/09/14,Pさん,1,14723
2023/09/14,Fさん,4,41558
2023/09/14,Hさん,2,21856
2023/09/14,Dさん,4,55231
2023/09/14,Rさん,4,47924
2023/09/15,Eさん,3,41170
2023/09/15,Sさん,1,5354
2023/09/15,Gさん,4,39913
2023/09/16,Iさん,4,50212
2023/09/16,Lさん,3,45500
2023/09/16,Hさん,1,15429
2023/09/16,Kさん,4,39932
2023/09/16,Hさん,2,20028
2023/09/17,Lさん,3,27958
2023/09/17,Sさん,4,44669
2023/09/17,Gさん,1,8659
2023/09/18,Nさん,2,17168
2023/09/18,Wさん,2,14676
2023/09/18,Tさん,2,12851
2023/09/19,Pさん,4,58971
2023/09/19,Gさん,3,24724
2023/09/19,Xさん,3,37907
2023/09/20,Sさん,3,39133
2023/09/20,Nさん,2,13059
2023/09/20,Iさん,1,8016
2023/09/20,Mさん,4,42341
2023/09/20,Nさん,4,23612
2023/09/21,Lさん,3,17421
2023/09/21,Pさん,1,11659
2023/09/21,Sさん,1,14920
2023/09/21,Qさん,3,22912
2023/09/21,Dさん,3,39649
2023/09/22,Eさん,2,11186
2023/09/22,Wさん,2,12673
2023/09/22,Uさん,4,40879
2023/09/23,Tさん,1,15016
2023/09/23,Uさん,3,30950
2023/09/23,Oさん,2,10087
2023/09/23,Pさん,3,42036
2023/09/24,Jさん,1,12051
2023/09/24,Nさん,4,53512
2023/09/24,Sさん,3,30614
2023/09/25,Dさん,1,6662
2023/09/25,Sさん,2,9254
2023/09/25,Yさん,2,15970
2023/09/25,Xさん,3,39722
2023/09/25,Iさん,1,7937
2023/09/26,Fさん,1,8410
2023/09/26,Aさん,1,13034
2023/09/26,Fさん,4,46840
2023/09/26,Pさん,1,7689
2023/09/27,Fさん,1,15213
2023/09/27,Kさん,2,18958
2023/09/27,Zさん,2,13518
2023/09/27,Wさん,2,28202
2023/09/28,Eさん,3,39980
2023/09/28,Qさん,3,19448
2023/09/28,Aさん,3,34411
2023/09/28,Nさん,1,10733
2023/09/28,Cさん,1,8344
2023/09/29,Oさん,4,39997
2023/09/29,Nさん,2,21722
2023/09/29,Fさん,4,34350
2023/09/29,Pさん,1,13247
2023/09/29,Jさん,1,11959
2023/09/30,Tさん,2,15680
2023/09/30,Iさん,3,29275
2023/09/30,Uさん,4,19865
2023/09/30,Cさん,2,15923
2023/10/01,Uさん,2,28115
2023/10/01,Aさん,2,18171
2023/10/01,Dさん,4,29813
2023/10/01,Dさん,2,12054
2023/10/02,Lさん,1,13964
2023/10/02,Fさん,1,9127
2023/10/02,Sさん,3,25160
2023/10/03,Jさん,3,14566
2023/10/03,Uさん,1,14419
2023/10/03,Jさん,4,53239
2023/10/03,Gさん,4,44890
2023/10/03,Bさん,3,19005
2023/10/04,Rさん,4,40223
2023/10/04,Aさん,4,38105
2023/10/04,Wさん,3,43315
2023/10/04,Hさん,2,22622
2023/10/04,Bさん,3,39628
2023/10/05,Jさん,3,40205
2023/10/05,Mさん,2,23397
2023/10/05,Dさん,1,8064
2023/10/05,Qさん,4,44009
2023/10/06,Rさん,1,6444
2023/10/06,Tさん,4,27659
2023/10/06,Gさん,4,51932
2023/10/06,Xさん,3,42461
2023/10/07,Uさん,1,6727
2023/10/07,Iさん,2,16686
2023/10/07,Qさん,4,42225
2023/10/08,Aさん,3,35267
2023/10/08,Dさん,3,15064
2023/10/08,Mさん,2,22364
2023/10/08,Bさん,2,15384
2023/10/08,Nさん,1,10510
2023/10/09,Xさん,1,10669
2023/10/09,Wさん,1,8984
2023/10/09,Vさん,4,38259
2023/10/10,Lさん,4,36804
2023/10/10,Uさん,2,10576
2023/10/10,Aさん,1,12901
2023/10/10,Dさん,3,27225
2023/10/11,Tさん,2,10852
2023/10/11,Fさん,1,10561
2023/10/11,Lさん,3,15894
2023/10/11,Rさん,4,34418
2023/10/11,Jさん,1,13926
2023/10/12,Bさん,4,51317
2023/10/12,Wさん,1,10429
2023/10/12,Qさん,1,3900
2023/10/12,Cさん,3,38040
2023/10/13,Yさん,4,21381
2023/10/13,Rさん,2,26906
2023/10/13,Pさん,4,42513
2023/10/13,Vさん,3,41018
2023/10/14,Hさん,2,27180
2023/10/14,Bさん,1,6378
2023/10/14,Oさん,2,13783
2023/10/14,Uさん,1,7759
2023/10/15,Tさん,4,26372
2023/10/15,Fさん,1,13167
2023/10/15,Zさん,2,13982
2023/10/16,Bさん,4,54155
2023/10/16,Dさん,2,19446
2023/10/16,Lさん,3,39210
2023/10/16,Kさん,1,5204
2023/10/16,Cさん,1,6304
2023/10/17,Kさん,3,23938
2023/10/17,Zさん,4,23257
2023/10/17,Rさん,1,7520
2023/10/17,Nさん,2,23783
2023/10/18,Hさん,2,18052
2023/10/18,Sさん,4,40912
2023/10/18,Fさん,3,14775
2023/10/18,Dさん,1,12003
2023/10/19,Dさん,1,6067
2023/10/19,Iさん,2,27620
2023/10/19,Eさん,1,13419
2023/10/20,Oさん,4,42669
2023/10/20,Sさん,3,17975
2023/10/20,Lさん,1,6715
2023/10/20,Yさん,4,44746
2023/10/21,Jさん,2,16039
2023/10/21,Tさん,4,58777
2023/10/21,Lさん,2,28130
2023/10/21,Nさん,3,21505
2023/10/22,Rさん,1,15109
2023/10/22,Xさん,3,37475
2023/10/22,Zさん,2,26225
2023/10/22,Vさん,4,33829
2023/10/23,Nさん,2,28818
2023/10/23,Wさん,4,22386
2023/10/23,Bさん,1,11204
2023/10/23,Jさん,1,6611
2023/10/24,Vさん,4,48994
2023/10/24,Nさん,4,36843
2023/10/24,Bさん,3,23460
2023/10/25,Qさん,3,24408
2023/10/25,Kさん,4,27006
2023/10/25,Kさん,3,42606
2023/10/25,Lさん,3,36627
2023/10/26,Oさん,4,52550
2023/10/26,Eさん,3,27648
2023/10/26,Iさん,1,14806
2023/10/26,Jさん,3,38762
2023/10/26,Bさん,1,8803
2023/10/27,Jさん,4,39361
2023/10/27,Iさん,3,35246
2023/10/27,Uさん,3,23040
2023/10/27,Cさん,4,37403
2023/10/28,Sさん,3,28949
2023/10/28,Gさん,2,27320
2023/10/28,Vさん,4,41202
2023/10/28,Tさん,4,48552
2023/10/29,Zさん,4,36478
2023/10/29,Zさん,4,27084
2023/10/29,Tさん,1,10765
2023/10/29,Vさん,3,14354
2023/10/29,Lさん,1,6351
2023/10/30,Tさん,1,14015
2023/10/30,Aさん,2,9032
2023/10/30,Gさん,4,32330
2023/10/30,Kさん,2,12729
2023/10/31,Vさん,2,15558
2023/10/31,Eさん,2,30651
2023/10/31,Vさん,2,23416
2023/10/31,Uさん,3,24191
2023/10/31,Xさん,1,4983
2023/11/01,Hさん,4,35209
2023/11/01,Nさん,2,20089
2023/11/01,Fさん,3,38838
2023/11/02,Eさん,1,7256
2023/11/02,Cさん,3,41683
2023/11/02,Zさん,4,48594
2023/11/02,Cさん,1,10801
2023/11/03,Yさん,4,31389
2023/11/03,Vさん,2,13856
2023/11/03,Pさん,3,45117
2023/11/04,Yさん,4,38543
2023/11/04,Eさん,1,11222
2023/11/04,Lさん,2,9344
2023/11/04,Uさん,4,32635
2023/11/05,Lさん,4,42575
2023/11/05,Rさん,2,15352
2023/11/05,Oさん,4,37453
2023/11/05,Bさん,4,46277
2023/11/06,Fさん,4,44243
2023/11/06,Tさん,4,46679
2023/11/06,Iさん,3,33005
2023/11/07,Gさん,2,30885
2023/11/07,Yさん,3,18804
2023/11/07,Wさん,2,16983
2023/11/07,Pさん,2,25373
2023/11/08,Oさん,2,21180
2023/11/08,Aさん,4,37866
2023/11/08,Jさん,4,52600
2023/11/08,Zさん,2,25386
2023/11/08,Uさん,4,33209
2023/11/09,Cさん,4,47719
2023/11/09,Cさん,2,21528
2023/11/09,Xさん,4,35338
2023/11/09,Wさん,3,43382
2023/11/09,Oさん,1,8731
2023/11/10,Kさん,4,44208
2023/11/10,Wさん,2,11362
2023/11/10,Oさん,1,5539
2023/11/10,Lさん,2,20051
2023/11/11,Lさん,2,24306
2023/11/11,Hさん,3,23433
2023/11/11,Jさん,3,24261
2023/11/12,Eさん,2,11358
2023/11/12,Lさん,1,5531
2023/11/12,Fさん,1,6193
2023/11/13,Wさん,1,12212
2023/11/13,Tさん,1,13759
2023/11/13,Vさん,3,28069
2023/11/14,Jさん,3,34922
2023/11/14,Bさん,1,11311
2023/11/14,Pさん,4,46185
2023/11/14,Dさん,2,11133
2023/11/14,Xさん,2,29770
2023/11/15,Aさん,4,34070
2023/11/15,Cさん,3,28942
2023/11/15,Jさん,4,25510
2023/11/15,Oさん,1,7132
2023/11/16,Gさん,3,15133
2023/11/16,Oさん,2,28497
2023/11/16,Gさん,3,32760
2023/11/17,Gさん,3,33057
2023/11/17,Vさん,1,14541
2023/11/17,Oさん,4,34073
2023/11/17,Kさん,1,9206
2023/11/17,Kさん,4,23528
2023/11/18,Wさん,2,11704
2023/11/18,Nさん,1,9433
2023/11/18,Qさん,3,27821
2023/11/18,Zさん,4,56144
2023/11/19,Rさん,4,19904
2023/11/19,Nさん,3,23739
2023/11/19,Cさん,2,17316
2023/11/19,Dさん,3,13843
2023/11/20,Bさん,2,23085
2023/11/20,Fさん,4,30600
2023/11/20,Qさん,1,9387
2023/11/20,Rさん,2,26352
2023/11/20,Nさん,3,19044
2023/11/21,Cさん,2,13258
2023/11/21,Kさん,2,21131
2023/11/21,Hさん,1,6017
2023/11/21,Bさん,1,13585
2023/11/22,Pさん,2,9823
2023/11/22,Jさん,4,55284
2023/11/22,Uさん,2,15638
2023/11/22,Wさん,2,14620
2023/11/23,Iさん,2,22695
2023/11/23,Bさん,4,41261
2023/11/23,Iさん,3,44059
2023/11/23,Mさん,1,12344
2023/11/24,Uさん,3,38958
2023/11/24,Xさん,2,18770
2023/11/24,Sさん,1,8187
2023/11/25,Gさん,4,50723
2023/11/25,Zさん,3,16507
2023/11/25,Oさん,2,8618
2023/11/26,Mさん,1,8167
2023/11/26,Eさん,4,20457
2023/11/26,Wさん,2,27230
2023/11/27,Cさん,4,51210
2023/11/27,Bさん,4,50917
2023/11/27,Mさん,1,5418
2023/11/28,Yさん,1,5678
2023/11/28,Sさん,2,24797
2023/11/28,Hさん,1,12635
2023/11/29,Rさん,2,16708
2023/11/29,Mさん,3,38937
2023/11/29,Vさん,3,19994
2023/11/30,Mさん,4,51636
2023/11/30,Mさん,4,53875
2023/11/30,Vさん,4,31329
2023/11/30,Rさん,3,26887
2023/12/01,Xさん,4,18743
2023/12/01,Gさん,1,13400
2023/12/01,Lさん,2,28496
2023/12/02,Fさん,3,15276
2023/12/02,Rさん,1,12103
2023/12/02,Dさん,3,28120
2023/12/03,Mさん,4,49638
2023/12/03,Lさん,1,11121
2023/12/03,Cさん,2,27110
2023/12/03,Vさん,4,29675
2023/12/03,Mさん,4,47935
2023/12/04,Wさん,1,8438
2023/12/04,Mさん,4,35189
2023/12/04,Kさん,3,34787
2023/12/04,Yさん,3,27112
2023/12/04,Rさん,4,46814
2023/12/05,Xさん,2,28409
2023/12/05,Rさん,4,47440
2023/12/05,Vさん,1,10042
2023/12/05,Fさん,1,7591
2023/12/05,Qさん,2,28487
2023/12/06,Oさん,1,11313
2023/12/06,Bさん,2,21477
2023/12/06,Vさん,4,55176
2023/12/07,Wさん,1,10567
2023/12/07,Iさん,4,57855
2023/12/07,Eさん,2,20916
2023/12/07,Aさん,3,44181
2023/12/07,Mさん,3,28310
2023/12/08,Sさん,3,35898
2023/12/08,Tさん,4,34145
2023/12/08,Pさん,3,21738
2023/12/08,Lさん,2,22406
2023/12/08,Qさん,1,12492
2023/12/09,Yさん,2,15525
2023/12/09,Fさん,3,31297
2023/12/09,Eさん,4,51304
2023/12/10,Mさん,2,20578
2023/12/10,Lさん,3,41543
2023/12/10,Uさん,1,10737
2023/12/10,Kさん,4,52172
2023/12/10,Jさん,2,15343
2023/12/11,Qさん,1,15525
2023/12/11,Vさん,2,31145
2023/12/11,Dさん,4,38731
2023/12/11,Kさん,1,6491
2023/12/12,Nさん,3,35042
2023/12/12,Eさん,4,34947
2023/12/12,Pさん,2,21558
2023/12/12,Zさん,4,29258
2023/12/12,Eさん,2,18313
2023/12/13,Xさん,2,25410
2023/12/13,Jさん,3,37099
2023/12/13,Kさん,2,17993
2023/12/13,Wさん,2,26027
2023/12/14,Yさん,3,29439
2023/12/14,Oさん,1,9939
2023/12/14,Dさん,3,35407
2023/12/15,Wさん,1,8277
2023/12/15,Wさん,1,12304
2023/12/15,Gさん,1,6125
2023/12/16,Aさん,3,33006
2023/12/16,Eさん,3,30456
2023/12/16,Qさん,4,53576
2023/12/16,Cさん,4,47222
2023/12/16,Dさん,1,6625
2023/12/17,Fさん,2,28593
2023/12/17,Jさん,3,19424
2023/12/17,Iさん,3,25075
2023/12/17,Qさん,3,16385
2023/12/18,Bさん,2,9763
2023/12/18,Xさん,1,7159
2023/12/18,Fさん,4,49169
2023/12/18,Tさん,1,7542
2023/12/19,Rさん,2,28223
2023/12/19,Sさん,2,11071
2023/12/19,Uさん,2,24635
2023/12/19,Lさん,1,12924
2023/12/20,Rさん,3,35002
2023/12/20,Eさん,4,57658
2023/12/20,Uさん,2,17317
2023/12/20,Oさん,4,40072
2023/12/21,Zさん,4,23408
2023/12/21,Aさん,4,49236
2023/12/21,Wさん,2,15795
2023/12/21,Xさん,2,17574
2023/12/22,Zさん,1,10066
2023/12/22,Qさん,1,7601
2023/12/22,Tさん,3,25500
2023/12/23,Eさん,3,32420
2023/12/23,Mさん,2,9764
2023/12/23,Vさん,4,56294
2023/12/23,Aさん,4,44330
2023/12/23,Vさん,1,9189
2023/12/24,Nさん,3,19270
2023/12/24,Eさん,3,36401
2023/12/24,Mさん,3,33803
2023/12/24,Gさん,1,9097
2023/12/25,Dさん,3,26953
2023/12/25,Oさん,1,15155
2023/12/25,Nさん,3,35181
2023/12/25,Dさん,1,11220
2023/12/26,Zさん,2,12473
2023/12/26,Hさん,4,21561
2023/12/26,Dさん,2,26724
2023/12/27,Dさん,4,53946
2023/12/27,Dさん,3,30043
2023/12/27,Mさん,3,25538
2023/12/27,Mさん,4,34169
2023/12/27,Zさん,3,18402
2023/12/28,Hさん,4,52857
2023/12/28,Oさん,1,7726
2023/12/28,Gさん,4,47804
2023/12/28,Gさん,3,30807
2023/12/29,Cさん,1,14385
2023/12/29,Lさん,3,28484
2023/12/29,Mさん,4,18880
2023/12/30,Rさん,2,21491
2023/12/30,Zさん,1,11940
2023/12/30,Rさん,2,15778
2023/12/30,Zさん,1,11358
2023/12/30,Zさん,4,38515
2023/12/31,Sさん,1,8016
2023/12/31,Xさん,2,19068
2023/12/31,Bさん,2,25008
2023/12/31,Cさん,1,8341
2024/01/01,Pさん,1,12055
2024/01/01,Fさん,3,40032
2024/01/01,Bさん,3,20319
2024/01/01,Gさん,3,29875
2024/01/02,Uさん,4,37949
2024/01/02,Yさん,4,26304
2024/01/02,Lさん,3,31772
2024/01/02,Fさん,3,17125
2024/01/03,Pさん,1,9253
2024/01/03,Jさん,3,32782
2024/01/03,Mさん,4,44703
2024/01/03,Uさん,1,10667
2024/01/04,Fさん,2,15710
2024/01/04,Hさん,2,13914
2024/01/04,Oさん,1,11291
2024/01/04,Rさん,2,12499
2024/01/04,Oさん,1,10670
2024/01/05,Bさん,4,34646
2024/01/05,Sさん,4,40730
2024/01/05,Zさん,3,34662
2024/01/05,Iさん,1,11940
2024/01/06,Dさん,3,19106
2024/01/06,Xさん,3,45135
2024/01/06,Qさん,4,56681
2024/01/06,Jさん,2,19853
2024/01/07,Aさん,1,11309
2024/01/07,Mさん,4,55155
2024/01/07,Zさん,3,33009
2024/01/07,Zさん,4,48233
2024/01/08,Fさん,2,14807
2024/01/08,Aさん,1,14741
2024/01/08,Yさん,1,15132
2024/01/08,Vさん,4,51324
2024/01/09,Wさん,3,38901
2024/01/09,Jさん,1,11720
2024/01/09,Pさん,2,24293
2024/01/09,Nさん,2,10903
2024/01/10,Kさん,1,7029
2024/01/10,Aさん,1,13465
2024/01/10,Uさん,3,38574
2024/01/10,Aさん,4,39770
2024/01/11,Fさん,1,6374
2024/01/11,Uさん,1,15475
2024/01/11,Dさん,2,10816
2024/01/11,Nさん,4,43574
2024/01/11,Lさん,1,13700
2024/01/12,Mさん,2,9597
2024/01/12,Sさん,3,23856
2024/01/12,Bさん,3,20037
2024/01/12,Oさん,1,8268
2024/01/13,Bさん,3,24725
2024/01/13,Fさん,3,18457
2024/01/13,Nさん,3,41688
2024/01/14,Tさん,2,30171
2024/01/14,Hさん,1,9643
2024/01/14,Tさん,1,14320
2024/01/14,Eさん,3,39939
2024/01/14,Lさん,3,18648
2024/01/15,Qさん,4,33211
2024/01/15,Gさん,2,14941
2024/01/15,Yさん,3,34543
2024/01/15,Aさん,3,43314
2024/01/16,Rさん,2,22980
2024/01/16,Tさん,1,11969
2024/01/16,Iさん,1,14750
2024/01/17,Pさん,1,6103
2024/01/17,Nさん,4,42675
2024/01/17,Gさん,1,7169
2024/01/17,Qさん,3,42594
2024/01/18,Vさん,1,11284
2024/01/18,Tさん,2,20252
2024/01/18,Aさん,4,20723
2024/01/18,Lさん,4,40915
2024/01/19,Eさん,4,48166
2024/01/19,Jさん,2,13203
2024/01/19,Jさん,3,41403
2024/01/19,Yさん,1,9913
2024/01/20,Cさん,1,11579
2024/01/20,Yさん,4,20781
2024/01/20,Eさん,3,22543
2024/01/20,Aさん,4,53375
2024/01/20,Tさん,4,46720
2024/01/21,Xさん,4,23932
2024/01/21,Pさん,3,42830
2024/01/21,Mさん,1,9496
2024/01/22,Vさん,4,59915
2024/01/22,Sさん,3,16937
2024/01/22,Bさん,3,23641
2024/01/22,Hさん,4,28830
2024/01/22,Iさん,4,35169
2024/01/23,Wさん,4,25191
2024/01/23,Nさん,3,36967
2024/01/23,Lさん,3,26291
2024/01/23,Yさん,4,38118
2024/01/23,Aさん,4,22298
2024/01/24,Hさん,4,58823
2024/01/24,Dさん,4,32403
2024/01/24,Fさん,1,6053
2024/01/25,Kさん,3,26849
2024/01/25,Rさん,2,21591
2024/01/25,Tさん,4,39184
2024/01/26,Vさん,4,37719
2024/01/26,Gさん,2,13496
2024/01/26,Yさん,3,36217
2024/01/26,Rさん,1,13738
2024/01/27,Uさん,3,24901
2024/01/27,Qさん,2,24518
2024/01/27,Fさん,1,10637
2024/01/27,Cさん,1,13505
2024/01/28,Aさん,1,10868
2024/01/28,Nさん,4,49172
2024/01/28,Rさん,2,26726
2024/01/28,Lさん,1,7727
2024/01/29,Rさん,4,47585
2024/01/29,Wさん,2,14834
2024/01/29,Bさん,4,39380
2024/01/29,Pさん,3,16131
2024/01/30,Gさん,4,22550
2024/01/30,Dさん,1,8811
2024/01/30,Oさん,1,7264
2024/01/30,Zさん,2,12265
2024/01/31,Gさん,3,30039
2024/01/31,Mさん,1,12079
2024/01/31,Yさん,4,55442
2024/01/31,Mさん,1,10946
2024/01/31,Zさん,1,11416
2024/02/01,Oさん,3,21476
2024/02/01,Tさん,3,29364
2024/02/01,Gさん,2,25629
2024/02/01,Aさん,3,43816
2024/02/01,Oさん,1,14893
2024/02/02,Jさん,4,58795
2024/02/02,Lさん,2,21090
2024/02/02,Fさん,4,33116
2024/02/02,Aさん,4,46949
2024/02/02,Iさん,3,19306
2024/02/03,Hさん,4,54492
2024/02/03,Fさん,4,40216
2024/02/03,Eさん,2,17511
2024/02/03,Jさん,2,25957
2024/02/04,Nさん,2,23795
2024/02/04,Mさん,4,52558
2024/02/04,Lさん,2,20338
2024/02/05,Gさん,2,23687
2024/02/05,Yさん,1,11364
2024/02/05,Hさん,3,45055
2024/02/05,Eさん,2,25990
2024/02/05,Cさん,4,52202
2024/02/06,Vさん,2,11714
2024/02/06,Mさん,4,46390
2024/02/06,Eさん,2,26190
2024/02/06,Jさん,4,32189
2024/02/06,Fさん,2,18932
2024/02/07,Rさん,2,11672
2024/02/07,Xさん,3,26225
2024/02/07,Uさん,1,12949
2024/02/07,Kさん,1,12032
2024/02/08,Jさん,3,24567
2024/02/08,Iさん,3,45644
2024/02/08,Wさん,4,47395
2024/02/08,Aさん,1,13211
2024/02/08,Oさん,2,25445
2024/02/09,Mさん,2,26983
2024/02/09,Jさん,2,12062
2024/02/09,Rさん,3,20757
2024/02/09,Yさん,4,25950
2024/02/09,Xさん,2,26043
2024/02/10,Eさん,4,26492
2024/02/10,Lさん,3,38552
2024/02/10,Pさん,2,29253
2024/02/10,Gさん,1,7808
2024/02/11,Vさん,3,42895
2024/02/11,Oさん,1,12560
2024/02/11,Qさん,2,26554
2024/02/11,Vさん,1,10235
2024/02/11,Fさん,2,16566
2024/02/12,Dさん,1,7272
2024/02/12,Uさん,2,24049
2024/02/12,Qさん,4,36222
2024/02/12,Kさん,2,28135
2024/02/13,Qさん,3,34860
2024/02/13,Uさん,3,26934
2024/02/13,Wさん,3,31184
2024/02/13,Oさん,4,48512
2024/02/13,Yさん,3,30734
2024/02/14,Mさん,4,52067
2024/02/14,Fさん,2,12489
2024/02/14,Yさん,1,9060
2024/02/14,Pさん,2,16003
2024/02/14,Hさん,3,45676
2024/02/15,Iさん,4,46717
2024/02/15,Gさん,4,48890
2024/02/15,Mさん,2,9565
2024/02/15,Dさん,3,40265
2024/02/16,Xさん,1,10294
2024/02/16,Gさん,2,16331
2024/02/16,Uさん,2,10770
2024/02/17,Pさん,4,29014
2024/02/17,Gさん,4,42764
2024/02/17,Nさん,2,14969
2024/02/17,Eさん,2,28504
2024/02/18,Aさん,2,17131
2024/02/18,Yさん,4,42085
2024/02/18,Sさん,1,12375
2024/02/18,Eさん,1,15829
2024/02/19,Cさん,1,10644
2024/02/19,Sさん,2,16410
2024/02/19,Tさん,4,27550
2024/02/19,Vさん,1,12079
2024/02/20,Uさん,4,28410
2024/02/20,Cさん,1,12892
2024/02/20,Aさん,3,28108
2024/02/20,Gさん,4,54863
2024/02/21,Kさん,3,34557
2024/02/21,Dさん,4,34479
2024/02/21,Lさん,2,23601
2024/02/21,Wさん,2,12938
2024/02/22,Yさん,1,8338
2024/02/22,Iさん,4,49440
2024/02/22,Iさん,3,22828
2024/02/22,Dさん,1,7733
2024/02/23,Hさん,4,33998
2024/02/23,Xさん,4,49614
2024/02/23,Hさん,1,5008
2024/02/23,Mさん,1,8251
2024/02/24,Uさん,3,45997
2024/02/24,Jさん,4,33994
2024/02/24,Oさん,1,9578
2024/02/24,Oさん,1,10235
2024/02/25,Yさん,4,51243
2024/02/25,Dさん,4,34430
2024/02/25,Bさん,2,11589
2024/02/25,Oさん,2,15998
2024/02/25,Yさん,1,9185
2024/02/26,Hさん,3,33649
2024/02/26,Tさん,1,16074
2024/02/26,Kさん,4,43914
2024/02/27,Zさん,4,49822
2024/02/27,Iさん,4,39242
2024/02/27,Hさん,2,18350
2024/02/28,Nさん,1,9675
2024/02/28,Wさん,2,15848
2024/02/28,Xさん,2,14016
2024/02/29,Vさん,4,20661
2024/02/29,Xさん,3,15656
2024/02/29,Mさん,1,6188
2024/02/29,Iさん,4,30688
2024/03/01,Iさん,4,24725
2024/03/01,Dさん,3,41198
2024/03/01,Gさん,4,19778
2024/03/01,Jさん,3,33929
2024/03/02,Nさん,4,38634
2024/03/02,Oさん,3,26511
2024/03/02,Xさん,4,26747
2024/03/03,Pさん,3,29945
2024/03/03,Nさん,1,10342
2024/03/03,Uさん,2,14763
2024/03/03,Rさん,1,5874
2024/03/04,Fさん,3,17318
2024/03/04,Fさん,1,6435
2024/03/04,Wさん,4,32614
2024/03/05,Zさん,1,11434
2024/03/05,Hさん,2,22740
2024/03/05,Tさん,4,22019
2024/03/06,Rさん,4,37950
2024/03/06,Eさん,3,42315
2024/03/06,Pさん,2,29108
2024/03/06,Vさん,1,13242
2024/03/07,Nさん,2,13430
2024/03/07,Gさん,4,29486
2024/03/07,Lさん,4,23640
2024/03/08,Tさん,3,14229
2024/03/08,Kさん,2,24341
2024/03/08,Bさん,4,41862
2024/03/09,Aさん,1,10063
2024/03/09,Iさん,2,22257
2024/03/09,Iさん,3,36153
2024/03/09,Vさん,4,33750
2024/03/09,Eさん,3,31453
2024/03/10,Cさん,4,38403
2024/03/10,Tさん,2,26181
2024/03/10,Jさん,1,14408
2024/03/10,Lさん,1,12995
2024/03/11,Dさん,4,21877
2024/03/11,Kさん,3,33790
2024/03/11,Sさん,3,36142
2024/03/11,Bさん,2,18338
2024/03/12,Aさん,4,29774
2024/03/12,Xさん,1,15818
2024/03/12,Iさん,3,26630
2024/03/13,Fさん,1,9274
2024/03/13,Jさん,1,13612
2024/03/13,Wさん,1,10098
2024/03/13,Vさん,4,36798
2024/03/13,Jさん,1,15095
2024/03/14,Tさん,2,18871
2024/03/14,Yさん,1,9471
2024/03/14,Wさん,3,23323
2024/03/14,Lさん,3,43191
2024/03/14,Cさん,4,46533
2024/03/15,Qさん,1,12347
2024/03/15,Yさん,3,38988
2024/03/15,Iさん,1,10350
2024/03/15,Tさん,4,56343
2024/03/16,Uさん,2,28313
2024/03/16,Rさん,2,28266
2024/03/16,Zさん,1,9281
2024/03/16,Qさん,3,36551
2024/03/16,Xさん,2,12508
2024/03/17,Eさん,1,11608
2024/03/17,Dさん,1,10276
2024/03/17,Uさん,2,29646
2024/03/17,Hさん,2,12919
2024/03/18,Sさん,2,15401
2024/03/18,Fさん,2,12574
2024/03/18,Oさん,2,26038
2024/03/19,Oさん,2,19692
2024/03/19,Xさん,1,7004
2024/03/19,Sさん,2,15002
2024/03/19,Iさん,3,42699
2024/03/20,Pさん,3,32633
2024/03/20,Bさん,1,8571
2024/03/20,Fさん,1,6823
2024/03/20,Hさん,1,5737
2024/03/21,Bさん,2,26014
2024/03/21,Yさん,3,29344
2024/03/21,Zさん,4,45830
2024/03/21,Vさん,1,11869
2024/03/21,Eさん,3,17717
2024/03/22,Aさん,4,39845
2024/03/22,Xさん,4,28771
2024/03/22,Oさん,1,13386
2024/03/23,Lさん,3,33282
2024/03/23,Rさん,2,22665
2024/03/23,Tさん,2,21625
2024/03/23,Zさん,4,36882
2024/03/23,Hさん,3,32319
2024/03/24,Cさん,2,29432
2024/03/24,Eさん,4,37879
2024/03/24,Pさん,2,14487
2024/03/25,Rさん,2,26092
2024/03/25,Lさん,3,16190
2024/03/25,Tさん,3,31928
2024/03/26,Zさん,1,14042
2024/03/26,Oさん,2,31117
2024/03/26,Pさん,1,9684
2024/03/27,Fさん,4,22743
2024/03/27,Fさん,3,18164
2024/03/27,Aさん,4,35349
2024/03/27,Dさん,4,53768
2024/03/27,Bさん,4,46300
2024/03/28,Gさん,1,7601
2024/03/28,Fさん,2,13172
2024/03/28,Zさん,1,11599
2024/03/28,Lさん,2,25157
2024/03/29,Hさん,3,26832
2024/03/29,Mさん,3,28631
2024/03/29,Gさん,3,34774
2024/03/29,Uさん,3,38686
2024/03/30,Qさん,4,38885
2024/03/30,Bさん,4,50703
2024/03/30,Oさん,4,40327
2024/03/30,Jさん,1,9149
2024/03/30,Nさん,2,29013
2024/03/31,Xさん,3,29868
2024/03/31,Pさん,3,42571
2024/03/31,Uさん,3,19936
2024/03/31,Nさん,3,22896
2024/03/31,Qさん,3,40537
2024/04/01,Rさん,2,12954
2024/04/01,Yさん,1,12612
2024/04/01,Cさん,2,10926
2024/04/01,Kさん,1,13156
2024/04/01,Qさん,1,10218
2024/04/02,Vさん,3,24138
2024/04/02,Tさん,1,14692
2024/04/02,Fさん,3,25178
2024/04/02,Eさん,4,53362
2024/04/02,Aさん,4,29268
2024/04/03,Qさん,3,27161
2024/04/03,Nさん,3,31688
2024/04/03,Iさん,1,12831
2024/04/03,Vさん,1,8527
2024/04/04,Bさん,4,18619
2024/04/04,Rさん,3,24025
2024/04/04,Eさん,4,20837
2024/04/05,Hさん,4,41178
2024/04/05,Oさん,4,45247
2024/04/05,Jさん,1,8146
2024/04/05,Fさん,4,27064
2024/04/05,Bさん,3,35898
2024/04/06,Tさん,2,20754
2024/04/06,Yさん,2,9930
2024/04/06,Tさん,4,25733
2024/04/06,Zさん,3,40811
2024/04/06,Eさん,2,16341
2024/04/07,Rさん,3,19381
2024/04/07,Cさん,2,26713
2024/04/07,Qさん,3,33609
2024/04/07,Tさん,3,25111
2024/04/08,Vさん,4,31674
2024/04/08,Mさん,1,7634
2024/04/08,Lさん,2,14002
2024/04/08,Sさん,3,44548
2024/04/09,Wさん,4,21720
2024/04/09,Lさん,4,23854
2024/04/09,Wさん,4,27800
2024/04/09,Yさん,2,18799
2024/04/09,Tさん,2,21343
2024/04/10,Lさん,2,17400
2024/04/10,Bさん,3,30629
2024/04/10,Oさん,1,3311
2024/04/10,Fさん,1,16457
2024/04/10,Jさん,3,42348
2024/04/11,Nさん,3,36333
2024/04/11,Cさん,3,26947
2024/04/11,Iさん,1,8411
2024/04/11,Dさん,4,29989
2024/04/12,Zさん,4,33643
2024/04/12,Rさん,2,14172
2024/04/12,Gさん,2,23127
2024/04/12,Pさん,4,38667
2024/04/12,Bさん,1,6225
2024/04/13,Mさん,1,5957
2024/04/13,Qさん,3,29304
2024/04/13,Hさん,3,42694
2024/04/13,Iさん,1,3783
2024/04/14,Dさん,2,26838
2024/04/14,Hさん,2,30123
2024/04/14,Rさん,3,25440
2024/04/15,Jさん,3,40581
2024/04/15,Oさん,4,27364
2024/04/15,Tさん,3,18899
2024/04/15,Xさん,1,14234
2024/04/16,Wさん,2,24209
2024/04/16,Oさん,2,18049
2024/04/16,Mさん,3,42992
2024/04/16,Dさん,2,10772
2024/04/17,Lさん,4,20001
2024/04/17,Xさん,4,41050
2024/04/17,Vさん,3,30339
2024/04/17,Kさん,3,23431
2024/04/18,Vさん,2,19700
2024/04/18,Zさん,4,56337
2024/04/18,Qさん,3,21479
2024/04/18,Jさん,4,52789
2024/04/19,Wさん,3,35839
2024/04/19,Aさん,3,14885
2024/04/19,Cさん,3,44368
2024/04/20,Fさん,4,25317
2024/04/20,Vさん,2,19051
2024/04/20,Vさん,4,42771
2024/04/20,Fさん,1,8984
2024/04/21,Zさん,3,33100
2024/04/21,Oさん,2,30798
2024/04/21,Oさん,4,37018
2024/04/21,Zさん,2,29356
2024/04/22,Cさん,2,12968
2024/04/22,Lさん,2,24559
2024/04/22,Dさん,4,48686
2024/04/23,Lさん,1,8547
2024/04/23,Yさん,3,30154
2024/04/23,Zさん,1,9155
2024/04/24,Kさん,4,21240
2024/04/24,Nさん,3,29883
2024/04/24,Rさん,4,50852
2024/04/25,Lさん,2,8667
2024/04/25,Gさん,2,29791
2024/04/25,Cさん,2,11815
2024/04/25,Mさん,3,37105
2024/04/26,Hさん,2,10117
2024/04/26,Uさん,3,29837
2024/04/26,Sさん,2,11726
2024/04/26,Nさん,1,11258
2024/04/27,Vさん,2,17300
2024/04/27,Nさん,3,24386
2024/04/27,Oさん,3,14548
2024/04/28,Pさん,1,5580
2024/04/28,Hさん,4,19610
2024/04/28,Bさん,1,5082
2024/04/28,Nさん,1,5245
2024/04/28,Uさん,3,30627
2024/04/29,Jさん,1,6442
2024/04/29,Jさん,1,10439
2024/04/29,Qさん,4,22068
2024/04/29,Mさん,2,12110
2024/04/29,Zさん,1,10014
2024/04/30,Hさん,3,17334
2024/04/30,Wさん,2,13107
2024/04/30,Eさん,1,11024
2024/05/01,Hさん,2,28079
2024/05/01,Qさん,3,37516
2024/05/01,Gさん,4,25580
2024/05/02,Vさん,2,17529
2024/05/02,Tさん,1,6027
2024/05/02,Aさん,3,42223
2024/05/02,Aさん,4,27032
2024/05/02,Oさん,3,43793
2024/05/03,Iさん,1,11294
2024/05/03,Tさん,1,8866
2024/05/03,Jさん,3,35226
2024/05/03,Fさん,1,12638
2024/05/03,Aさん,4,51695
2024/05/04,Iさん,1,11892
2024/05/04,Bさん,2,13166
2024/05/04,Nさん,2,26599
2024/05/04,Sさん,3,26441
2024/05/05,Hさん,1,10177
2024/05/05,Bさん,3,25123
2024/05/05,Pさん,3,33617
2024/05/05,Wさん,1,11831
2024/05/06,Oさん,2,16423
2024/05/06,Aさん,2,12863
2024/05/06,Gさん,1,6807
2024/05/07,Jさん,4,41213
2024/05/07,Eさん,1,12983
2024/05/07,Lさん,3,21932
2024/05/07,Wさん,1,9581
2024/05/07,Jさん,2,17585
2024/05/08,Fさん,4,35852
2024/05/08,Aさん,4,53911
2024/05/08,Nさん,4,39787
2024/05/08,Mさん,2,17905
2024/05/08,Sさん,2,15206
2024/05/09,Mさん,1,6239
2024/05/09,Kさん,2,14305
2024/05/09,Zさん,1,8820
2024/05/10,Wさん,1,9101
2024/05/10,Rさん,1,16065
2024/05/10,Iさん,1,4396
2024/05/10,Eさん,2,12774
2024/05/11,Vさん,2,11923
2024/05/11,Rさん,1,12592
2024/05/11,Aさん,3,35696
2024/05/11,Yさん,3,26150
2024/05/12,Nさん,1,3114
2024/05/12,Oさん,1,10888
2024/05/12,Sさん,1,14218
2024/05/12,Mさん,1,3895
2024/05/12,Wさん,2,29880
2024/05/13,Jさん,4,45174
2024/05/13,Bさん,2,24633
2024/05/13,Oさん,2,25675
2024/05/13,Xさん,2,13117
2024/05/13,Fさん,2,19101
2024/05/14,Uさん,1,5775
2024/05/14,Dさん,4,52139
2024/05/14,Iさん,2,11854
2024/05/14,Eさん,4,42840
2024/05/15,Xさん,4,60321
2024/05/15,Gさん,1,13549
2024/05/15,Xさん,2,13364
2024/05/15,Sさん,4,56519
2024/05/16,Oさん,3,31019
2024/05/16,Yさん,3,34859
2024/05/16,Kさん,3,30453
2024/05/16,Mさん,1,14502
2024/05/17,Yさん,1,7618
2024/05/17,Eさん,2,21098
2024/05/17,Sさん,1,7122
2024/05/18,Pさん,4,53732
2024/05/18,Oさん,3,20584
2024/05/18,Dさん,4,19710
2024/05/18,Fさん,4,27314
2024/05/19,Rさん,3,43992
2024/05/19,Tさん,1,15410
2024/05/19,Pさん,2,27177
2024/05/19,Jさん,1,16238
2024/05/19,Aさん,4,39001
2024/05/20,Pさん,2,20752
2024/05/20,Nさん,2,11728
2024/05/20,Wさん,1,11409
2024/05/21,Hさん,1,7345
2024/05/21,Mさん,2,19264
2024/05/21,Gさん,2,25729
2024/05/21,Jさん,3,37951
2024/05/22,Oさん,2,27086
2024/05/22,Cさん,4,30437
2024/05/22,Zさん,2,16649
2024/05/22,Eさん,2,9233
2024/05/22,Kさん,2,24638
2024/05/23,Jさん,2,20099
2024/05/23,Kさん,4,58216
2024/05/23,Uさん,2,14196
2024/05/23,Fさん,2,28420
2024/05/23,Wさん,2,26707
2024/05/24,Kさん,3,31443
2024/05/24,Sさん,3,20975
2024/05/24,Aさん,2,20216
2024/05/25,Xさん,1,6920
2024/05/25,Sさん,4,31576
2024/05/25,Lさん,2,18367
2024/05/26,Xさん,3,20656
2024/05/26,Fさん,4,40277
2024/05/26,Nさん,3,38421
2024/05/27,Gさん,4,40160
2024/05/27,Jさん,3,27184
2024/05/27,Dさん,1,6754
2024/05/27,Jさん,3,36489
2024/05/27,Qさん,2,22123
2024/05/28,Kさん,3,19433
2024/05/28,Eさん,4,20022
2024/05/28,Tさん,4,34279
2024/05/29,Dさん,1,12501
2024/05/29,Zさん,4,25797
2024/05/29,Dさん,4,58534
2024/05/30,Bさん,4,30403
2024/05/30,Pさん,1,7963
2024/05/30,Yさん,2,29194
2024/05/30,Qさん,4,56698
2024/05/31,Yさん,1,7964
2024/05/31,Kさん,1,5209
2024/05/31,Xさん,2,29773
2024/05/31,Yさん,2,15773
2024/06/01,Oさん,2,11993
2024/06/01,Dさん,1,4627
2024/06/01,Pさん,1,10339
2024/06/02,Oさん,1,13839
2024/06/02,Qさん,4,29073
2024/06/02,Kさん,1,9316
2024/06/02,Rさん,3,27746
2024/06/03,Lさん,3,33606
2024/06/03,Iさん,2,29917
2024/06/03,Xさん,1,7783
2024/06/03,Gさん,1,15258
2024/06/04,Eさん,3,17290
2024/06/04,Kさん,3,32350
2024/06/04,Yさん,4,24037
2024/06/04,Lさん,4,47749
2024/06/04,Mさん,2,28092
2024/06/05,Fさん,1,6934
2024/06/05,Kさん,3,31534
2024/06/05,Qさん,1,10099
2024/06/05,Bさん,1,8427
2024/06/06,Iさん,3,26174
2024/06/06,Qさん,2,25940
2024/06/06,Xさん,1,7665
2024/06/07,Iさん,2,11614
2024/06/07,Cさん,4,35630
2024/06/07,Zさん,1,5707
2024/06/07,Wさん,4,50383
2024/06/07,Oさん,3,40694
2024/06/08,Nさん,4,40387
2024/06/08,Jさん,1,16327
2024/06/08,Yさん,3,28688
2024/06/08,Jさん,4,43575
2024/06/09,Rさん,2,15908
2024/06/09,Wさん,2,23975
2024/06/09,Mさん,1,5368
2024/06/10,Wさん,2,25357
2024/06/10,Bさん,1,10932
2024/06/10,Cさん,3,44562
2024/06/11,Wさん,2,28347
2024/06/11,Gさん,4,54216
2024/06/11,Wさん,1,11836
2024/06/11,Cさん,2,24303
2024/06/11,Sさん,1,10129
2024/06/12,Rさん,1,7374
2024/06/12,Eさん,4,22417
2024/06/12,Oさん,4,45156
2024/06/13,Vさん,2,11711
2024/06/13,Xさん,2,14820
2024/06/13,Eさん,4,33902
2024/06/13,Cさん,2,28784
2024/06/13,Vさん,4,26608
2024/06/14,Eさん,2,13224
2024/06/14,Aさん,1,12031
2024/06/14,Vさん,3,30107
2024/06/15,Mさん,4,29575
2024/06/15,Fさん,2,26482
2024/06/15,Oさん,2,24886
2024/06/15,Xさん,4,25122
2024/06/15,Dさん,4,36948
2024/06/16,Sさん,2,9969
2024/06/16,Sさん,2,21047
2024/06/16,Cさん,2,8585
2024/06/17,Yさん,4,23468
2024/06/17,Tさん,1,11583
2024/06/17,Vさん,3,29629
2024/06/17,Eさん,1,6396
2024/06/18,Kさん,1,13797
2024/06/18,Aさん,2,24868
2024/06/18,Oさん,2,28675
2024/06/19,Iさん,4,46834
2024/06/19,Bさん,3,34332
2024/06/19,Kさん,2,8990
2024/06/20,Gさん,1,11563
2024/06/20,Fさん,3,28744
2024/06/20,Uさん,3,29706
2024/06/20,Pさん,2,22281
2024/06/21,Yさん,3,42833
2024/06/21,Pさん,3,44042
2024/06/21,Zさん,4,45016
2024/06/21,Fさん,2,13721
2024/06/22,Qさん,2,26881
2024/06/22,Cさん,2,26487
2024/06/22,Lさん,1,12059
2024/06/22,Iさん,4,55766
2024/06/22,Kさん,3,19194
2024/06/23,Tさん,1,10712
2024/06/23,Bさん,3,37843
2024/06/23,Rさん,2,10390
2024/06/23,Sさん,1,11223
2024/06/24,Mさん,4,39561
2024/06/24,Oさん,1,15150
2024/06/24,Iさん,1,9273
2024/06/25,Pさん,4,19985
2024/06/25,Vさん,2,12337
2024/06/25,Sさん,1,14538
2024/06/25,Iさん,3,35189
2024/06/25,Xさん,2,13909
2024/06/26,Oさん,3,40923
2024/06/26,Jさん,2,20212
2024/06/26,Hさん,3,18836
2024/06/26,Gさん,2,13399
2024/06/27,Tさん,1,12988
2024/06/27,Gさん,1,8603
2024/06/27,Fさん,3,33929
2024/06/27,Jさん,3,19828
2024/06/28,Mさん,1,12999
2024/06/28,Gさん,3,16012
2024/06/28,Uさん,3,25335
2024/06/28,Iさん,2,16794
2024/06/29,Eさん,2,22712
2024/06/29,Eさん,3,14931
2024/06/29,Aさん,2,15100
2024/06/30,Kさん,3,37575
2024/06/30,Cさん,2,18255
2024/06/30,Lさん,2,22465
2024/07/01,Yさん,2,15359
2024/07/01,Kさん,2,17174
2024/07/01,Dさん,1,11091
2024/07/01,Aさん,3,42111
2024/07/01,Wさん,3,14505
2024/07/02,Kさん,4,46118
2024/07/02,Jさん,2,28961
2024/07/02,Yさん,3,44978
2024/07/02,Zさん,4,55415
2024/07/03,Cさん,3,33155
2024/07/03,Mさん,1,15370
2024/07/03,Gさん,2,25897
2024/07/04,Bさん,1,7918
2024/07/04,Nさん,1,5003
2024/07/04,Hさん,1,8726
2024/07/04,Jさん,2,24519
2024/07/04,Qさん,1,14163
2024/07/05,Zさん,3,29323
2024/07/05,Jさん,2,11078
2024/07/05,Sさん,2,22164
2024/07/06,Qさん,3,41512
2024/07/06,Aさん,3,33340
2024/07/06,Kさん,4,51603
2024/07/07,Nさん,2,16914
2024/07/07,Yさん,1,12554
2024/07/07,Aさん,2,22014
2024/07/07,Rさん,1,7482
2024/07/07,Nさん,3,28964
2024/07/08,Qさん,3,33477
2024/07/08,Iさん,1,8649
2024/07/08,Xさん,2,22537
2024/07/09,Hさん,2,13336
2024/07/09,Rさん,3,15760
2024/07/09,Yさん,2,11781
2024/07/09,Zさん,1,12941
2024/07/09,Zさん,3,19337
2024/07/10,Zさん,3,14920
2024/07/10,Mさん,3,27967
2024/07/10,Hさん,1,8760
2024/07/10,Kさん,3,40346
2024/07/10,Bさん,1,15463
2024/07/11,Zさん,4,19248
2024/07/11,Eさん,2,9672
2024/07/11,Rさん,2,20393
2024/07/11,Oさん,3,29378
2024/07/12,Tさん,1,6590
2024/07/12,Vさん,4,49853
2024/07/12,Fさん,3,40148
2024/07/12,Wさん,3,35270
2024/07/13,Eさん,1,10046
2024/07/13,Wさん,4,34591
2024/07/13,Vさん,4,29336
2024/07/14,Lさん,1,15613
2024/07/14,Wさん,3,43158
2024/07/14,Zさん,3,29484
2024/07/14,Qさん,3,39893
2024/07/14,Cさん,2,27815
2024/07/15,Jさん,4,43433
2024/07/15,Pさん,3,45598
2024/07/15,Cさん,4,51840
2024/07/15,Uさん,3,25554
2024/07/16,Lさん,3,37378
2024/07/16,Rさん,1,6190
2024/07/16,Vさん,3,25832
2024/07/16,Vさん,2,15458
2024/07/16,Oさん,3,43862
2024/07/17,Pさん,4,36030
2024/07/17,Gさん,3,39443
2024/07/17,Bさん,4,22854
2024/07/17,Kさん,2,25933
2024/07/17,Yさん,2,15301
2024/07/18,Uさん,1,13393
2024/07/18,Sさん,2,27098
2024/07/18,Aさん,3,19473
2024/07/18,Dさん,2,27036
2024/07/19,Nさん,4,27807
2024/07/19,Aさん,4,28114
2024/07/19,Pさん,1,8777
2024/07/20,Nさん,1,13184
2024/07/20,Dさん,4,39764
2024/07/20,Vさん,1,9699
2024/07/21,Cさん,4,18883
2024/07/21,Qさん,1,12695
2024/07/21,Sさん,4,24218
2024/07/22,Jさん,1,6918
2024/07/22,Rさん,2,14752
2024/07/22,Sさん,2,21084
2024/07/23,Pさん,1,15900
2024/07/23,Qさん,2,25830
2024/07/23,Nさん,2,13346
2024/07/24,Zさん,3,25271
2024/07/24,Oさん,4,22326
2024/07/24,Nさん,2,16926
2024/07/24,Tさん,1,16508
2024/07/24,Sさん,3,42945
2024/07/25,Wさん,3,32804
2024/07/25,Uさん,2,8863
2024/07/25,Wさん,4,54884
2024/07/25,Aさん,1,8855
2024/07/26,Gさん,4,46956
2024/07/26,Jさん,3,36272
2024/07/26,Qさん,4,40495
2024/07/26,Vさん,3,40934
2024/07/26,Rさん,4,33109
2024/07/27,Jさん,1,11699
2024/07/27,Xさん,3,19947
2024/07/27,Jさん,3,39837
2024/07/27,Nさん,2,20148
2024/07/28,Cさん,3,17624
2024/07/28,Hさん,1,12346
2024/07/28,Gさん,4,49174
2024/07/28,Kさん,1,6961
2024/07/28,Fさん,4,45388
2024/07/29,Oさん,1,12074
2024/07/29,Cさん,1,7890
2024/07/29,Gさん,3,16718
2024/07/29,Kさん,2,16536
2024/07/30,Mさん,3,31844
2024/07/30,Mさん,4,41831
2024/07/30,Bさん,2,23808
2024/07/30,Lさん,4,54653
2024/07/31,Aさん,1,10004
2024/07/31,Uさん,3,35910
2024/07/31,Iさん,1,12717
2024/08/01,Mさん,4,53854
2024/08/01,Oさん,1,14117
2024/08/01,Jさん,3,45964
2024/08/01,Gさん,1,13789
2024/08/01,Mさん,2,27162
2024/08/02,Iさん,2,13785
2024/08/02,Dさん,1,5349
2024/08/02,Tさん,3,25291
2024/08/02,Pさん,4,58704
2024/08/03,Uさん,1,3023
2024/08/03,Oさん,3,18331
2024/08/03,Kさん,1,15667
2024/08/03,Dさん,3,45009
2024/08/03,Pさん,1,9106
2024/08/04,Cさん,4,34210
2024/08/04,Sさん,1,15323
2024/08/04,Sさん,1,7971
2024/08/04,Yさん,1,14336
2024/08/04,Zさん,2,12769
2024/08/05,Nさん,2,21435
2024/08/05,Yさん,4,42721
2024/08/05,Xさん,3,21529
2024/08/05,Gさん,4,38490
2024/08/05,Dさん,4,45895
2024/08/06,Kさん,1,10550
2024/08/06,Jさん,4,59059
2024/08/06,Gさん,2,26062
2024/08/06,Oさん,1,11411
2024/08/07,Xさん,1,7577
2024/08/07,Pさん,2,23790
2024/08/07,Zさん,1,9112
2024/08/07,Cさん,2,25737
2024/08/07,Hさん,3,16778
2024/08/08,Iさん,2,17215
2024/08/08,Oさん,2,25758
2024/08/08,Pさん,2,18410
2024/08/08,Nさん,4,35309
2024/08/09,Aさん,2,8464
2024/08/09,Nさん,1,8054
2024/08/09,Tさん,3,34548
2024/08/09,Sさん,2,21841
2024/08/10,Eさん,1,7113
2024/08/10,Dさん,4,42329
2024/08/10,Bさん,3,24256
2024/08/10,Jさん,2,26335
2024/08/11,Hさん,1,14594
2024/08/11,Gさん,2,19620
2024/08/11,Cさん,1,11483
2024/08/12,Tさん,2,13411
2024/08/12,Jさん,3,37111
2024/08/12,Uさん,1,11014
2024/08/13,Pさん,2,20939
2024/08/13,Wさん,4,49404
2024/08/13,Aさん,3,18676
2024/08/13,Aさん,3,23209
2024/08/13,Oさん,4,37513
2024/08/14,Sさん,2,29567
2024/08/14,Cさん,2,21445
2024/08/14,Bさん,2,23914
2024/08/14,Oさん,2,21304
2024/08/14,Cさん,3,44545
2024/08/15,Mさん,1,7721
2024/08/15,Gさん,3,28042
2024/08/15,Sさん,3,31917
2024/08/15,Nさん,4,35749
2024/08/15,Eさん,3,18840
2024/08/16,Cさん,4,47349
2024/08/16,Iさん,1,11103
2024/08/16,Qさん,3,26860
2024/08/17,Nさん,4,47725
2024/08/17,Oさん,2,28327
2024/08/17,Wさん,2,15068
2024/08/17,Fさん,4,56951
2024/08/17,Tさん,1,6482
2024/08/18,Iさん,1,6106
2024/08/18,Wさん,1,11574
2024/08/18,Kさん,3,21245
2024/08/18,Hさん,2,9440
2024/08/19,Aさん,3,35168
2024/08/19,Lさん,3,40840
2024/08/19,Vさん,1,11020
2024/08/19,Dさん,2,13913
2024/08/20,Hさん,1,7132
2024/08/20,Bさん,1,11574
2024/08/20,Wさん,4,48959
2024/08/20,Cさん,2,30367
2024/08/21,Lさん,4,23902
2024/08/21,Uさん,4,47651
2024/08/21,Wさん,2,16153
2024/08/21,Yさん,4,28461
2024/08/22,Fさん,4,52516
2024/08/22,Uさん,2,13571
2024/08/22,Mさん,2,14291
2024/08/22,Hさん,2,14725
2024/08/23,Mさん,2,22996
2024/08/23,Fさん,2,22322
2024/08/23,Cさん,2,14299
2024/08/23,Xさん,2,18177
2024/08/23,Xさん,2,23215
2024/08/24,Gさん,1,13786
2024/08/24,Zさん,2,13731
2024/08/24,Uさん,3,40703
2024/08/24,Vさん,1,12360
2024/08/24,Bさん,3,15146
2024/08/25,Zさん,4,28918
2024/08/25,Rさん,3,27490
2024/08/25,Yさん,1,12292
2024/08/25,Nさん,2,25010
2024/08/25,Mさん,3,35508
2024/08/26,Jさん,4,22542
2024/08/26,Tさん,4,29364
2024/08/26,Oさん,4,48654
2024/08/27,Cさん,3,18046
2024/08/27,Nさん,3,24494
2024/08/27,Tさん,1,13330
2024/08/27,Aさん,3,46063
2024/08/27,Lさん,2,27010
2024/08/28,Qさん,4,22833
2024/08/28,Pさん,1,12744
2024/08/28,Nさん,3,44922
2024/08/28,Iさん,1,6819
2024/08/29,Wさん,1,7926
2024/08/29,Wさん,3,44647
2024/08/29,Gさん,4,32864
2024/08/29,Oさん,3,26302
2024/08/30,Zさん,1,5376
2024/08/30,Tさん,4,37446
2024/08/30,Dさん,3,27136
2024/08/30,Lさん,4,56059
2024/08/30,Wさん,3,29111
2024/08/31,Vさん,4,54552
2024/08/31,Gさん,2,18644
2024/08/31,Eさん,3,34760
2024/08/31,Nさん,2,9757
2024/08/31,Eさん,4,60562
2024/09/01,Lさん,4,27094
2024/09/01,Zさん,4,23431
2024/09/01,Yさん,2,26011
2024/09/01,Wさん,4,48550
2024/09/02,Pさん,2,9651
2024/09/02,Yさん,2,28993
2024/09/02,Kさん,4,40417
2024/09/02,Wさん,3,22033
2024/09/02,Hさん,4,50991
2024/09/03,Yさん,4,25328
2024/09/03,Oさん,4,42816
2024/09/03,Gさん,2,26708
2024/09/04,Wさん,3,19176
2024/09/04,Dさん,3,23479
2024/09/04,Pさん,3,19782
2024/09/05,Pさん,2,12466
2024/09/05,Bさん,2,26031
2024/09/05,Nさん,3,36200
2024/09/05,Jさん,1,10647
2024/09/06,Aさん,3,18255
2024/09/06,Fさん,3,21650
2024/09/06,Jさん,3,43285
2024/09/06,Xさん,4,46747
2024/09/06,Nさん,2,29225
2024/09/07,Bさん,2,28796
2024/09/07,Mさん,4,59004
2024/09/07,Kさん,3,21292
2024/09/08,Gさん,4,26196
2024/09/08,Sさん,2,12488
2024/09/08,Fさん,1,11373
2024/09/09,Aさん,2,28148
2024/09/09,Zさん,1,4098
2024/09/09,Yさん,2,16659
2024/09/09,Eさん,3,19777
2024/09/09,Bさん,3,17939
2024/09/10,Kさん,4,53952
2024/09/10,Hさん,3,20628
2024/09/10,Aさん,3,40947
2024/09/10,Hさん,1,4554
2024/09/11,Tさん,3,16732
2024/09/11,Nさん,3,34219
2024/09/11,Dさん,1,16242
2024/09/12,Tさん,3,29170
2024/09/12,Xさん,3,25282
2024/09/12,Hさん,4,50182
2024/09/12,Kさん,2,22102
2024/09/12,Xさん,1,14141
2024/09/13,Lさん,4,35851
2024/09/13,Lさん,1,5086
2024/09/13,Hさん,4,24697
2024/09/13,Sさん,1,6188
2024/09/14,Aさん,1,9844
2024/09/14,Sさん,2,16032
2024/09/14,Dさん,1,7366
2024/09/14,Gさん,3,34015
2024/09/15,Mさん,3,21534
2024/09/15,Xさん,3,18980
2024/09/15,Bさん,4,51251
2024/09/15,Rさん,3,23535
2024/09/16,Iさん,4,53006
2024/09/16,Iさん,1,15074
2024/09/16,Wさん,1,13707
2024/09/16,Cさん,3,36516
2024/09/16,Rさん,3,37174
2024/09/17,Bさん,1,9024
2024/09/17,Wさん,4,35196
2024/09/17,Bさん,4,60663
2024/09/18,Wさん,1,12130
2024/09/18,Gさん,2,22881
2024/09/18,Sさん,2,25728
2024/09/18,Cさん,4,55355
2024/09/19,Mさん,2,27673
2024/09/19,Wさん,2,22468
2024/09/19,Tさん,3,34226
2024/09/20,Pさん,2,9666
2024/09/20,Gさん,3,41971
2024/09/20,Vさん,1,13556
2024/09/21,Gさん,1,13705
2024/09/21,Iさん,2,17174
2024/09/21,Iさん,4,32096
2024/09/21,Qさん,4,23753
2024/09/22,Cさん,4,53365
2024/09/22,Oさん,2,25284
2024/09/22,Mさん,2,18205
2024/09/22,Eさん,4,23800
2024/09/22,Nさん,3,26211
2024/09/23,Mさん,2,15939
2024/09/23,Nさん,2,28036
2024/09/23,Iさん,3,25244
2024/09/23,Nさん,3,22070
2024/09/23,Mさん,3,22709
2024/09/24,Hさん,2,10441
2024/09/24,Xさん,3,20083
2024/09/24,Hさん,3,37379
2024/09/24,Qさん,3,14627
2024/09/24,Cさん,2,14314
2024/09/25,Mさん,1,12622
2024/09/25,Jさん,1,7545
2024/09/25,Lさん,4,31694
2024/09/26,Xさん,3,16779
2024/09/26,Qさん,2,26116
2024/09/26,Mさん,3,19284
2024/09/26,Zさん,2,10243
2024/09/26,Jさん,4,22025
2024/09/27,Nさん,4,29082
2024/09/27,Jさん,4,20643
2024/09/27,Vさん,1,13139
2024/09/27,Aさん,1,14538
2024/09/27,Qさん,2,14886
2024/09/28,Hさん,1,11813
2024/09/28,Tさん,3,42734
2024/09/28,Oさん,4,56036
2024/09/28,Tさん,3,42798
2024/09/29,Sさん,1,13630
2024/09/29,Jさん,4,24024
2024/09/29,Iさん,3,42924
2024/09/30,Cさん,2,19651
2024/09/30,Eさん,2,25427
2024/09/30,Yさん,1,10789
2024/10/01,Zさん,4,30330
2024/10/01,Gさん,3,21725
2024/10/01,Lさん,3,21438
2024/10/02,Bさん,1,7917
2024/10/02,Pさん,2,20947
2024/10/02,Aさん,4,32018
2024/10/02,Bさん,4,37177
2024/10/02,Xさん,2,14586
2024/10/03,Dさん,2,16711
2024/10/03,Qさん,1,13197
2024/10/03,Aさん,3,32357
2024/10/04,Cさん,2,9317
2024/10/04,Dさん,2,22795
2024/10/04,Wさん,4,45546
2024/10/04,Xさん,2,12063
2024/10/04,Eさん,3,22673
2024/10/05,Hさん,2,24449
2024/10/05,Yさん,1,13672
2024/10/05,Jさん,3,20863
2024/10/05,Mさん,4,46161
2024/10/06,Wさん,1,9511
2024/10/06,Qさん,2,9942
2024/10/06,Fさん,2,30038
2024/10/06,Aさん,1,10723
2024/10/07,Kさん,4,40245
2024/10/07,Yさん,4,55338
2024/10/07,Uさん,4,49325
2024/10/08,Xさん,1,10108
2024/10/08,Hさん,4,53960
2024/10/08,Fさん,3,21115
2024/10/08,Xさん,1,5193
2024/10/08,Xさん,4,24119
2024/10/09,Jさん,4,43963
2024/10/09,Wさん,1,7925
2024/10/09,Sさん,4,26815
2024/10/09,Eさん,1,11734
2024/10/10,Sさん,3,33397
2024/10/10,Rさん,2,15697
2024/10/10,Eさん,1,7348
2024/10/10,Sさん,2,27316
2024/10/11,Oさん,1,13116
2024/10/11,Gさん,3,29168
2024/10/11,Vさん,3,25898
2024/10/12,Vさん,3,25033
2024/10/12,Uさん,4,28273
2024/10/12,Mさん,3,24091
2024/10/13,Lさん,3,33518
2024/10/13,Pさん,3,23900
2024/10/13,Vさん,1,6539
2024/10/13,Eさん,3,27982
2024/10/13,Yさん,4,53822
2024/10/14,Dさん,1,13757
2024/10/14,Tさん,1,6883
2024/10/14,Kさん,3,24869
2024/10/14,Iさん,3,40054
2024/10/15,Aさん,1,12681
2024/10/15,Kさん,3,23358
2024/10/15,Oさん,4,49279
2024/10/15,Qさん,4,26780
2024/10/16,Pさん,1,11442
2024/10/16,Eさん,3,17846
2024/10/16,Dさん,2,12455
2024/10/16,Rさん,4,30485
2024/10/16,Vさん,1,14931
2024/10/17,Bさん,4,38151
2024/10/17,Vさん,4,58085
2024/10/17,Bさん,3,18734
2024/10/18,Bさん,3,17714
2024/10/18,Eさん,1,9228
2024/10/18,Cさん,1,6699
2024/10/19,Dさん,3,39216
2024/10/19,Cさん,1,11465
2024/10/19,Oさん,2,20207
2024/10/20,Pさん,4,19159
2024/10/20,Rさん,1,8564
2024/10/20,Gさん,4,55026
2024/10/20,Bさん,1,9290
2024/10/20,Jさん,1,5408
2024/10/21,Nさん,4,56252
2024/10/21,Cさん,4,21969
2024/10/21,Dさん,2,26130
2024/10/21,Yさん,2,16844
2024/10/21,Kさん,4,23558
2024/10/22,Aさん,3,20688
2024/10/22,Pさん,2,24834
2024/10/22,Mさん,2,31535
2024/10/22,Gさん,2,12583
2024/10/22,Fさん,2,26724
2024/10/23,Kさん,1,12474
2024/10/23,Cさん,3,41614
2024/10/23,Qさん,4,49526
2024/10/23,Yさん,1,12648
2024/10/23,Mさん,1,5094
2024/10/24,Uさん,4,44273
2024/10/24,Vさん,2,20857
2024/10/24,Qさん,2,20211
2024/10/25,Bさん,3,21388
2024/10/25,Uさん,2,17138
2024/10/25,Sさん,4,45922
2024/10/25,Sさん,3,41898
2024/10/25,Rさん,3,14924
2024/10/26,Iさん,3,32734
2024/10/26,Fさん,4,29626
2024/10/26,Gさん,3,43621
2024/10/26,Vさん,2,19477
2024/10/26,Fさん,4,28187
2024/10/27,Nさん,3,30094
2024/10/27,Nさん,2,17418
2024/10/27,Dさん,1,7022
2024/10/28,Zさん,1,5439
2024/10/28,Tさん,4,57135
2024/10/28,Hさん,2,26918
2024/10/29,Vさん,1,6696
2024/10/29,Uさん,4,25557
2024/10/29,Fさん,2,22500
2024/10/30,Qさん,3,40197
2024/10/30,Wさん,1,5665
2024/10/30,Yさん,2,26770
2024/10/30,Fさん,4,22487
2024/10/30,Mさん,4,35283
2024/10/31,Hさん,1,8593
2024/10/31,Uさん,1,5661
2024/10/31,Cさん,1,4260
2024/10/31,Mさん,4,22622
2024/11/01,Jさん,2,18676
2024/11/01,Rさん,1,8757
2024/11/01,Pさん,2,29219
2024/11/01,Jさん,4,28949
2024/11/01,Lさん,3,24534
2024/11/02,Vさん,4,47585
2024/11/02,Uさん,3,23454
2024/11/02,Hさん,4,26646
2024/11/03,Bさん,1,11154
2024/11/03,Oさん,4,36062
2024/11/03,Xさん,3,38224
2024/11/04,Zさん,3,38598
2024/11/04,Aさん,1,3954
2024/11/04,Nさん,4,34689
2024/11/04,Jさん,1,10522
2024/11/04,Iさん,3,30928
2024/11/05,Qさん,1,9834
2024/11/05,Mさん,1,5458
2024/11/05,Xさん,1,7768
2024/11/05,Cさん,1,4102
2024/11/06,Aさん,4,45670
2024/11/06,Eさん,1,8426
2024/11/06,Rさん,1,4691
2024/11/06,Sさん,4,27189
2024/11/07,Yさん,2,24566
2024/11/07,Cさん,2,16513
2024/11/07,Fさん,4,49001
2024/11/07,Nさん,3,35164
2024/11/08,Dさん,3,23330
2024/11/08,Qさん,1,5344
2024/11/08,Eさん,4,21539
2024/11/09,Uさん,4,20992
2024/11/09,Oさん,3,41486
2024/11/09,Rさん,1,9210
2024/11/10,Lさん,1,4766
2024/11/10,Wさん,3,34994
2024/11/10,Zさん,4,56532
2024/11/10,Nさん,2,28946
2024/11/10,Iさん,2,19975
2024/11/11,Tさん,3,15791
2024/11/11,Dさん,2,24427
2024/11/11,Kさん,3,32966
2024/11/11,Gさん,4,49928
2024/11/12,Jさん,3,25228
2024/11/12,Xさん,3,33195
2024/11/12,Rさん,3,13916
2024/11/13,Tさん,4,25717
2024/11/13,Pさん,1,8705
2024/11/13,Mさん,1,5991
2024/11/13,Vさん,1,7145
2024/11/13,Hさん,4,44038
2024/11/14,Rさん,3,29841
2024/11/14,Oさん,2,13182
2024/11/14,Lさん,2,18903
2024/11/14,Dさん,3,43862
2024/11/14,Uさん,4,55860
2024/11/15,Kさん,4,26669
2024/11/15,Mさん,4,38062
2024/11/15,Cさん,3,17443
2024/11/15,Zさん,3,18727
2024/11/16,Xさん,4,28119
2024/11/16,Eさん,3,18740
2024/11/16,Yさん,3,19914
2024/11/16,Yさん,1,14436
2024/11/17,Hさん,1,14972
2024/11/17,Bさん,4,24050
2024/11/17,Wさん,1,4896
2024/11/17,Eさん,1,15785
2024/11/17,Kさん,1,10872
2024/11/18,Qさん,3,25343
2024/11/18,Yさん,1,10898
2024/11/18,Iさん,2,20762
2024/11/19,Bさん,2,11489
2024/11/19,Jさん,1,13544
2024/11/19,Oさん,2,12852
2024/11/20,Eさん,2,26866
2024/11/20,Kさん,3,24076
2024/11/20,Zさん,2,28985
2024/11/20,Aさん,4,20653
2024/11/20,Hさん,4,37074
2024/11/21,Tさん,1,13297
2024/11/21,Nさん,2,23240
2024/11/21,Vさん,4,47167
2024/11/22,Hさん,2,28267
2024/11/22,Xさん,1,11065
2024/11/22,Wさん,1,4469
2024/11/22,Eさん,4,29430
2024/11/23,Lさん,3,23472
2024/11/23,Sさん,4,38157
2024/11/23,Cさん,3,21948
2024/11/24,Hさん,3,35636
2024/11/24,Mさん,2,22783
2024/11/24,Xさん,3,23742
2024/11/24,Sさん,3,33599
2024/11/25,Xさん,2,21133
2024/11/25,Qさん,3,42571
2024/11/25,Yさん,2,13045
2024/11/25,Nさん,1,9678
2024/11/25,Zさん,4,45833
2024/11/26,Kさん,2,28425
2024/11/26,Oさん,3,26116
2024/11/26,Gさん,3,16989
2024/11/26,Xさん,4,41759
2024/11/26,Kさん,4,43167
2024/11/27,Cさん,3,30824
2024/11/27,Bさん,2,29732
2024/11/27,Cさん,3,32911
2024/11/27,Oさん,1,11279
2024/11/28,Uさん,4,22012
2024/11/28,Uさん,2,27194
2024/11/28,Qさん,2,28830
2024/11/28,Eさん,2,27082
2024/11/29,Zさん,2,20644
2024/11/29,Dさん,2,17360
2024/11/29,Bさん,2,24646
2024/11/29,Sさん,3,38120
2024/11/29,Xさん,1,7077
2024/11/30,Tさん,3,31984
2024/11/30,Tさん,1,6494
2024/11/30,Cさん,2,20272
2024/12/01,Sさん,4,31474
2024/12/01,Fさん,3,32569
2024/12/01,Uさん,1,9339
2024/12/02,Yさん,2,15551
2024/12/02,Oさん,2,24150
2024/12/02,Gさん,4,27705
2024/12/02,Vさん,1,10215
2024/12/02,Sさん,4,34660
2024/12/03,Mさん,3,18880
2024/12/03,Hさん,4,38981
2024/12/03,Fさん,3,43015
2024/12/03,Bさん,3,30971
2024/12/03,Qさん,1,14408
2024/12/04,Rさん,4,32918
2024/12/04,Fさん,2,30008
2024/12/04,Rさん,3,34672
2024/12/04,Eさん,4,29258
2024/12/04,Iさん,4,39842
2024/12/05,Nさん,2,18777
2024/12/05,Eさん,3,25336
2024/12/05,Vさん,3,30047
2024/12/05,Xさん,2,19764
2024/12/06,Rさん,2,21405
2024/12/06,Dさん,3,18379
2024/12/06,Xさん,3,15148
2024/12/06,Wさん,3,24337
2024/12/06,Aさん,1,6790
2024/12/07,Yさん,1,13028
2024/12/07,Mさん,4,41128
2024/12/07,Nさん,4,51808
2024/12/07,Tさん,1,12829
2024/12/07,Zさん,2,27979
2024/12/08,Qさん,3,16977
2024/12/08,Nさん,4,31790
2024/12/08,Eさん,3,34965
2024/12/09,Sさん,3,37631
2024/12/09,Fさん,2,24029
2024/12/09,Kさん,1,15179
2024/12/09,Eさん,2,11961
2024/12/09,Dさん,4,56221
2024/12/10,Aさん,4,42005
2024/12/10,Iさん,3,19100
2024/12/10,Uさん,3,19196
2024/12/11,Jさん,4,38212
2024/12/11,Vさん,1,13209
2024/12/11,Zさん,3,23565
2024/12/11,Iさん,1,8095
2024/12/12,Kさん,4,35342
2024/12/12,Jさん,3,43035
2024/12/12,Wさん,1,9308
2024/12/12,Wさん,2,14835
2024/12/12,Nさん,1,11181
2024/12/13,Jさん,3,41356
2024/12/13,Dさん,1,8756
2024/12/13,Nさん,1,8261
2024/12/13,Rさん,1,8918
2024/12/14,Yさん,2,12536
2024/12/14,Dさん,3,21160
2024/12/14,Jさん,4,52857
2024/12/15,Uさん,3,39736
2024/12/15,Uさん,1,13621
2024/12/15,Bさん,2,21705
2024/12/15,Bさん,4,24760
2024/12/16,Dさん,3,40278
2024/12/16,Zさん,1,5067
2024/12/16,Xさん,3,35007
2024/12/16,Pさん,1,5403
2024/12/16,Aさん,2,8294
2024/12/17,Rさん,4,59813
2024/12/17,Zさん,3,17844
2024/12/17,Yさん,1,4144
2024/12/17,Lさん,4,56102
2024/12/17,Wさん,1,5838
2024/12/18,Yさん,3,38658
2024/12/18,Sさん,1,11690
2024/12/18,Dさん,4,21665
2024/12/18,Cさん,2,15470
2024/12/18,Qさん,2,27326
2024/12/19,Jさん,4,40337
2024/12/19,Tさん,3,32200
2024/12/19,Yさん,2,10522
2024/12/19,Wさん,1,10550
2024/12/20,Rさん,4,42714
2024/12/20,Aさん,2,26443
2024/12/20,Zさん,1,7050
2024/12/20,Nさん,2,26204
2024/12/20,Dさん,1,8948
2024/12/21,Fさん,4,22973
2024/12/21,Nさん,3,31122
2024/12/21,Kさん,1,10235
2024/12/21,Hさん,1,6495
2024/12/22,Qさん,1,5815
2024/12/22,Sさん,1,9440
2024/12/22,Yさん,2,30653
2024/12/22,Vさん,4,38239
2024/12/23,Kさん,1,8061
2024/12/23,Sさん,1,7762
2024/12/23,Uさん,4,30368
2024/12/24,Oさん,1,13294
2024/12/24,Zさん,1,9846
2024/12/24,Jさん,3,22752
2024/12/24,Cさん,4,36973
2024/12/24,Lさん,1,15052
2024/12/25,Rさん,2,26778
2024/12/25,Bさん,2,28423
2024/12/25,Uさん,1,4357
2024/12/26,Cさん,3,25863
2024/12/26,Uさん,2,26661
2024/12/26,Xさん,4,35907
2024/12/27,Yさん,3,26618
2024/12/27,Cさん,2,15873
2024/12/27,Oさん,1,8515
2024/12/27,Zさん,1,14522
2024/12/28,Iさん,4,46946
2024/12/28,Pさん,3,28472
2024/12/28,Uさん,4,56143
2024/12/28,Hさん,4,50111
2024/12/29,Mさん,4,55930
2024/12/29,Gさん,3,40438
2024/12/29,Bさん,2,23449
2024/12/29,Oさん,2,14088
2024/12/29,Lさん,3,40404
2024/12/30,Uさん,2,15493
2024/12/30,Uさん,1,7869
2024/12/30,Rさん,4,37038
2024/12/30,Qさん,3,33766
2024/12/31,Xさん,2,10276
2024/12/31,Dさん,4,25028
2024/12/31,Dさん,3,40610
2024/12/31,Bさん,2,19595
2025/01/02,Aさん,1,14500
2025/01/02,Bさん,1,8000
2025/01/02,Cさん,1,12500
2025/01/02,Dさん,0,1600
2025/01/02,Eさん,1,2700
2025/01/02,Dさん,4,25200
2025/01/02,Fさん,1,3700
2025/01/03,Aさん,3,8100
2025/01/03,Bさん,1,14900
2025/01/03,不明,1,13600
2025/01/03,不明,0,69400
2025/01/06,Mさん,2,4200
2025/01/07,Pさん,1,3800
2025/01/08,Gさん,3,6900
2025/01/09,Tさん,1,5200
2025/01/10,Hさん,2,45800
2025/01/10,Qさん,3,32400
2025/01/10,Rさん,1,28900
2025/01/11,Sさん,4,52100
2025/01/11,Nさん,2,38600
2025/01/11,Uさん,1,29800
2025/01/13,Vさん,1,2400
2025/01/14,Wさん,2,3600
2025/01/15,Xさん,1,4100
2025/01/16,Yさん,2,2900
2025/01/17,Zさん,3,41200
2025/01/17,Jさん,2,35600
2025/01/17,Kさん,1,28400
2025/01/18,Lさん,4,48900
2025/01/18,Bさん,2,33800
2025/01/18,Cさん,1,26700
2025/01/20,Oさん,1,3100
2025/01/21,Iさん,2,2800
2025/01/22,Fさん,1,4500
2025/01/23,Dさん,2,3200
2025/01/24,Aさん,3,39800
2025/01/24,Eさん,2,44200
2025/01/24,Mさん,1,31500
2025/01/25,Nさん,4,51600
2025/01/25,Pさん,2,37900
2025/01/25,Qさん,1,42300
2025/01/27,Rさん,1,2600
2025/01/28,Sさん,2,3900
2025/01/29,Tさん,1,4800
2025/01/30,Uさん,2,3400
2025/01/31,Vさん,3,47100
2025/01/31,Wさん,2,36800
2025/01/31,Xさん,1,29200
2025/02/01,Yさん,4,49600
2025/02/01,Zさん,2,33100
2025/02/01,Jさん,1,38400
2025/02/03,Kさん,1,2700
2025/02/04,Lさん,2,4100
2025/02/05,Bさん,1,3500
2025/02/06,Cさん,2,2800
2025/02/07,Oさん,3,43500
2025/02/07,Iさん,2,39800
2025/02/07,Fさん,1,32600
2025/02/08,Dさん,4,54200
2025/02/08,Aさん,2,41700
2025/02/08,Eさん,1,35900
2025/02/10,Mさん,1,3200
2025/02/11,Nさん,2,2900
2025/02/12,Pさん,1,4300
2025/02/13,Qさん,2,3700
2025/02/14,Rさん,3,46800
2025/02/14,Sさん,2,38200
2025/02/14,Tさん,1,33400
2025/02/15,Uさん,4,52800
2025/02/15,Vさん,2,44300
2025/02/15,Wさん,1,37600
2025/02/17,Xさん,1,2500
2025/02/18,Yさん,2,3800
2025/02/19,Zさん,1,4600
2025/02/20,Jさん,2,3100
2025/02/21,Kさん,3,41900
2025/02/21,Lさん,2,36500
2025/02/21,Bさん,1,29700
2025/02/22,Cさん,4,48200
2025/02/22,Oさん,2,42800
2025/02/22,Iさん,1,34100
2025/02/24,Fさん,1,2900
2025/02/25,Dさん,2,4200
2025/02/26,Aさん,1,3600
2025/02/27,Eさん,2,3300
2025/02/28,Mさん,3,45600
2025/02/28,Nさん,2,39100
2025/02/28,Pさん,1,31800
2025/03/01,Qさん,4,53400
2025/03/01,Rさん,2,46900
2025/03/01,Sさん,1,38700
2025/03/03,Tさん,1,2800
2025/03/04,Uさん,2,4100
2025/03/05,Vさん,1,3400
2025/03/06,Wさん,2,2700
2025/03/07,Xさん,3,44800
2025/03/07,Yさん,2,37600
2025/03/07,Zさん,1,32200
2025/03/08,Jさん,4,51700
2025/03/08,Kさん,2,43200
2025/03/08,Lさん,1,36400
2025/03/10,Bさん,1,3100
2025/03/11,Cさん,2,2600
2025/03/12,Oさん,1,4400
2025/03/13,Iさん,2,3800
2025/03/14,Fさん,3,42300
2025/03/14,Dさん,2,38900
2025/03/14,Aさん,1,33600
2025/03/15,Eさん,4,49800
2025/03/15,Mさん,2,41400
2025/03/15,Nさん,1,35200
2025/03/17,Pさん,1,2400
2025/03/18,Qさん,2,3700
2025/03/19,Rさん,1,4200
2025/03/20,Sさん,2,3500
2025/03/21,Tさん,3,46200
2025/03/21,Uさん,2,39800
2025/03/21,Vさん,1,31900
2025/03/22,Wさん,4,54600
2025/03/22,Xさん,2,47100
2025/03/22,Yさん,1,38300
2025/03/24,Zさん,1,2700
2025/03/25,Jさん,2,4000
2025/03/26,Kさん,1,3300
2025/03/27,Lさん,2,2900
2025/03/28,Bさん,3,43700
2025/03/28,Cさん,2,36800
2025/03/28,Oさん,1,30400
2025/03/29,Iさん,4,52100
2025/03/29,Fさん,2,44600
2025/03/29,Dさん,1,37800
2025/03/31,Aさん,1,3000
2025/04/01,Eさん,2,3600
2025/04/02,Mさん,1,4100
2025/04/03,Nさん,2,2800
2025/04/04,Pさん,3,45900
2025/04/04,Qさん,2,38400
2025/04/04,Rさん,1,32700
2025/04/05,Sさん,4,51300
2025/04/05,Tさん,2,43800
2025/04/05,Uさん,1,36900
2025/04/07,Vさん,1,2500
2025/04/08,Wさん,2,3900
2025/04/09,Xさん,1,4300
2025/04/10,Yさん,2,3200
2025/04/11,Zさん,3,47600
2025/04/11,Jさん,2,39200
2025/04/11,Kさん,1,33800
2025/04/12,Lさん,4,55400
2025/04/12,Bさん,2,48900
2025/04/12,Cさん,1,41200
2025/04/14,Oさん,1,2900
2025/04/15,Iさん,2,4200
2025/04/16,Fさん,1,3700
2025/04/17,Dさん,2,3100
2025/04/18,Aさん,3,44300
2025/04/18,Eさん,2,37800
2025/04/18,Mさん,1,31600
2025/04/19,Nさん,4,52700
2025/04/19,Pさん,2,45200
2025/04/19,Qさん,1,38600
2025/04/21,Rさん,1,2600
2025/04/22,Sさん,2,3800
2025/04/23,Tさん,1,4400
2025/04/24,Uさん,2,3300
2025/04/25,Vさん,3,46800
2025/04/25,Wさん,2,40100
2025/04/25,Xさん,1,34200
2025/04/26,Yさん,4,53900
2025/04/26,Zさん,2,46400
2025/04/26,Jさん,1,39700
2025/04/28,Kさん,1,2700
2025/04/29,Lさん,2,4100
2025/04/30,Bさん,1,3500
2025/05/01,Cさん,2,2800
2025/05/02,Oさん,3,48200
2025/05/02,Iさん,2,41600
2025/05/02,Fさん,1,35300
2025/05/03,Dさん,4,56800
2025/05/03,Aさん,2,49300
2025/05/03,Eさん,1,42100
2025/05/05,Mさん,1,3200
2025/05/06,Nさん,2,2900
2025/05/07,Pさん,1,4600
2025/05/08,Qさん,2,3400
2025/05/09,Rさん,3,45700
2025/05/09,Sさん,2,38900
2025/05/09,Tさん,1,32400
2025/05/10,Uさん,4,54200
2025/05/10,Vさん,2,47600
2025/05/10,Wさん,1,40800
2025/05/12,Xさん,1,2800
2025/05/13,Yさん,2,4000
2025/05/14,Zさん,1,3700
2025/05/15,Jさん,2,3100
2025/05/16,Kさん,3,46900
2025/05/16,Lさん,2,39600
2025/05/16,Bさん,1,33200
2025/05/17,Cさん,4,52400
2025/05/17,Oさん,2,45800
2025/05/17,Iさん,1,38900
2025/05/19,Fさん,1,2600
2025/05/20,Dさん,2,3900
2025/05/21,Aさん,1,4300
2025/05/22,Eさん,2,3500
2025/05/23,Mさん,3,47800
2025/05/23,Nさん,2,40300
2025/05/23,Pさん,1,34600
2025/05/24,Qさん,4,55700
2025/05/24,Rさん,2,48200
2025/05/24,Sさん,1,41400
2025/05/26,Tさん,1,2900
2025/05/27,Uさん,2,4200
2025/05/28,Vさん,1,3600
2025/05/29,Wさん,2,3200
2025/05/30,Xさん,3,44600
2025/05/30,Yさん,2,37800
2025/05/30,Zさん,1,31900
2025/05/31,Jさん,4,53100
2025/05/31,Kさん,2,46500
2025/05/31,Lさん,1,39200
2025/06/02,Bさん,1,3100
2025/06/03,Cさん,2,2700
2025/06/04,Oさん,1,4500
2025/06/05,Iさん,2,3800
2025/06/06,Fさん,3,48900
2025/06/06,Dさん,2,42100
2025/06/06,Aさん,1,35700
2025/06/07,Eさん,4,57300
2025/06/07,Mさん,2,49800
2025/06/07,Nさん,1,42600
2025/06/09,Pさん,1,2800
2025/06/10,Qさん,2,4100
2025/06/11,Rさん,1,3400
2025/06/12,Sさん,2,2900
2025/06/13,Tさん,3,46200
2025/06/13,Uさん,2,39400
2025/06/13,Vさん,1,32800
2025/06/14,Wさん,4,54800
2025/06/14,Xさん,2,47300
2025/06/14,Yさん,1,40600
2025/06/16,Zさん,1,2600
2025/06/17,Jさん,2,3900
2025/06/18,Kさん,1,4200
2025/06/19,Lさん,2,3500
2025/06/20,Bさん,3,47100
2025/06/20,Cさん,2,40600
2025/06/20,Oさん,1,34300
2025/06/21,Iさん,4,55200
2025/06/21,Fさん,2,48700
2025/06/21,Dさん,1,41800
2025/06/23,Aさん,1,2700
2025/06/24,Eさん,2,4000
2025/06/25,Mさん,1,3600
2025/06/26,Nさん,2,3200
2025/06/27,Pさん,3,45800
2025/06/27,Qさん,2,38600
2025/06/27,Rさん,1,32100
2025/06/28,Sさん,4,52900
2025/06/28,Tさん,2,46200
2025/06/28,Uさん,1,39400
2025/06/30,Vさん,1,3000
2025/07/01,Wさん,2,3700
2025/07/02,Xさん,1,4300
2025/07/03,Yさん,2,2800
2025/07/04,Zさん,3,49200
2025/07/04,Jさん,2,42700
2025/07/04,Kさん,1,36100
2025/07/05,Lさん,4,58600
2025/07/05,Bさん,2,51300
2025/07/05,Cさん,1,44200
2025/07/07,Oさん,1,2900
2025/07/08,Iさん,2,4200
2025/07/09,Fさん,1,3800
2025/07/10,Dさん,2,3300
2025/07/11,Aさん,3,47600
2025/07/11,Eさん,2,40800
2025/07/11,Mさん,1,34500
2025/07/12,Nさん,4,56400
2025/07/12,Pさん,2,49100
2025/07/12,Qさん,1,42700
2025/07/14,Rさん,1,2700
2025/07/15,Sさん,2,3900
2025/07/16,Tさん,1,4500
2025/07/17,Uさん,2,3100
2025/07/18,Vさん,3,48300
2025/07/18,Wさん,2,41200
2025/07/18,Xさん,1,35600
2025/07/19,Yさん,4,54700
2025/07/19,Zさん,2,47800
2025/07/19,Jさん,1,40900
2025/07/21,Kさん,1,2800
2025/07/22,Lさん,2,4100
2025/07/23,Bさん,1,3600
2025/07/24,Cさん,2,3200
2025/07/25,Oさん,3,46500
2025/07/25,Iさん,2,39800
2025/07/25,Fさん,1,33400
2025/07/26,Dさん,4,53600
2025/07/26,Aさん,2,46900
2025/07/26,Eさん,1,40200
2025/07/28,Mさん,1,2600
2025/07/29,Nさん,2,3800
2025/07/30,Pさん,1,4400
2025/07/31,Qさん,2,3500
2025/08/01,Rさん,3,49700
2025/08/01,Sさん,2,42800
2025/08/01,Tさん,1,36700
2025/08/02,Uさん,4,57800
2025/08/02,Vさん,2,50400
2025/08/02,Wさん,1,43600
2025/08/04,Xさん,1,2900
2025/08/05,Yさん,2,4200
2025/08/06,Zさん,1,3700
2025/08/07,Jさん,2,3100
2025/08/08,Kさん,3,48600
2025/08/08,Lさん,2,41400
2025/08/08,Bさん,1,35200
2025/08/09,Cさん,4,55900
2025/08/09,Oさん,2,48300
2025/08/09,Iさん,1,41800
2025/08/11,Fさん,1,2700
2025/08/12,Dさん,2,4000
2025/08/13,Aさん,1,3600
2025/08/14,Eさん,2,3300
2025/08/15,Mさん,3,47200
2025/08/15,Nさん,2,40600
2025/08/15,Pさん,1,34100
2025/08/16,Qさん,4,54300
2025/08/16,Rさん,2,47600
2025/08/16,Sさん,1,40800
2025/08/18,Tさん,1,2800
2025/08/19,Uさん,2,3900
2025/08/20,Vさん,1,4300
2025/08/21,Wさん,2,3400
2025/08/22,Xさん,3,46800
2025/08/22,Yさん,2,39900
2025/08/22,Zさん,1,33600
2025/08/23,Jさん,4,53200
2025/08/23,Kさん,2,46500
2025/08/23,Lさん,1,39700
2025/08/25,Bさん,1,2600
2025/08/26,Cさん,2,3800
2025/08/27,Oさん,1,4100
2025/08/28,Iさん,2,3500
2025/08/29,Fさん,3,48900
2025/08/29,Dさん,2,42100
2025/08/29,Aさん,1,35800
2025/08/30,Eさん,4,56700
2025/08/30,Mさん,2,49200
2025/08/30,Nさん,1,42400
2025/09/01,Pさん,1,2900
2025/09/02,Qさん,2,4200
2025/09/03,Rさん,1,3800
2025/09/04,Sさん,2,3200
2025/09/05,Tさん,3,49800
2025/09/05,Uさん,2,43200
2025/09/05,Vさん,1,36900
2025/09/06,Wさん,4,58100
2025/09/06,Xさん,2,50600
2025/09/06,Yさん,1,43800
2025/09/08,Zさん,1,2700
2025/09/09,Jさん,2,4000
2025/09/10,Kさん,1,3600
2025/09/11,Lさん,2,3100
2025/09/12,Bさん,3,47300
2025/09/12,Cさん,2,40700
2025/09/12,Oさん,1,34400
2025/09/13,Iさん,4,55600
2025/09/13,Fさん,2,48100
2025/09/13,Dさん,1,41300
2025/09/15,Aさん,1,2800
2025/09/16,Eさん,2,3900
2025/09/17,Mさん,1,4400
2025/09/18,Nさん,2,3300
2025/09/19,Pさん,3,46900
2025/09/19,Qさん,2,40100
2025/09/19,Rさん,1,33800
2025/09/20,Sさん,4,54800
2025/09/20,Tさん,2,47400
2025/09/20,Uさん,1,40600
2025/09/22,Vさん,1,2600
2025/09/23,Wさん,2,3800
2025/09/24,Xさん,1,4200
2025/09/25,Yさん,2,3500
2025/09/26,Zさん,3,48400
2025/09/26,Jさん,2,41600
2025/09/26,Kさん,1,35100
2025/09/27,Lさん,4,56200
2025/09/27,Bさん,2,48900
2025/09/27,Cさん,1,42100
2025/09/29,Oさん,1,2900
2025/09/30,Iさん,2,4100
2025/10/01,Fさん,1,3700
2025/10/02,Dさん,2,3200
2025/10/03,Aさん,3,47700
2025/10/03,Eさん,2,40900
2025/10/03,Mさん,1,34600
2025/10/04,Nさん,4,57400
2025/10/04,Pさん,2,49800
2025/10/04,Qさん,1,42900
2025/10/06,Rさん,1,2700
2025/10/07,Sさん,2,4000
2025/10/08,Tさん,1,3800
2025/10/09,Uさん,2,3300
2025/10/10,Vさん,3,48200
2025/10/10,Wさん,2,41300
2025/10/10,Xさん,1,35700
2025/10/11,Yさん,4,55100
2025/10/11,Zさん,2,47900
2025/10/11,Jさん,1,41100
2025/10/13,Kさん,1,2800
2025/10/14,Lさん,2,3900
2025/10/15,Bさん,1,4300
2025/10/16,Cさん,2,3400
2025/10/17,Oさん,3,46600
2025/10/17,Iさん,2,39800
2025/10/17,Fさん,1,33200
2025/10/18,Dさん,4,54100
2025/10/18,Aさん,2,47200
2025/10/18,Eさん,1,40300
2025/10/20,Mさん,1,2600
2025/10/21,Nさん,2,3800
2025/10/22,Pさん,1,4200
2025/10/23,Qさん,2,3500
2025/10/24,Rさん,3,49300
2025/10/24,Sさん,2,42600
2025/10/24,Tさん,1,36200
2025/10/25,Uさん,4,58700
2025/10/25,Vさん,2,51200
2025/10/25,Wさん,1,44100
2025/10/27,Xさん,1,2900
2025/10/28,Yさん,2,4100
2025/10/29,Zさん,1,3700
2025/10/30,Jさん,2,3200
2025/10/31,Kさん,3,47800
2025/10/31,Lさん,2,40400
2025/10/31,Bさん,1,34800
2025/11/01,Cさん,4,56900
2025/11/01,Oさん,2,49400
2025/11/01,Iさん,1,42700
2025/11/03,Fさん,1,2800
2025/11/04,Dさん,2,4000
2025/11/05,Aさん,1,3600
2025/11/06,Eさん,2,3100
2025/11/07,Mさん,3,48700
2025/11/07,Nさん,2,41800
2025/11/07,Pさん,1,35400
2025/11/08,Qさん,4,57800
2025/11/08,Rさん,2,50300
2025/11/08,Sさん,1,43600
2025/11/10,Tさん,1,2700
2025/11/11,Uさん,2,3900
2025/11/12,Vさん,1,4400
2025/11/13,Wさん,2,3300
2025/11/14,Xさん,3,46200
2025/11/14,Yさん,2,39600
2025/11/14,Zさん,1,33100
2025/11/15,Jさん,4,54600
2025/11/15,Kさん,2,47800
2025/11/15,Lさん,1,40900
2025/11/17,Bさん,1,2600
2025/11/18,Cさん,2,3800
2025/11/19,Oさん,1,4100
2025/11/20,Iさん,2,3500
2025/11/21,Fさん,3,49100
2025/11/21,Dさん,2,42300
2025/11/21,Aさん,1,36600
2025/11/22,Eさん,4,58200
2025/11/22,Mさん,2,50900
2025/11/22,Nさん,1,43800
2025/11/24,Pさん,1,2900
2025/11/25,Qさん,2,4200
2025/11/26,Rさん,1,3800
2025/11/27,Sさん,2,3200
2025/11/28,Tさん,3,47400
2025/11/28,Uさん,2,40700
2025/11/28,Vさん,1,34300
2025/11/29,Wさん,4,55800
2025/11/29,Xさん,2,48600
2025/11/29,Yさん,1,41700
